title|subtitle|description|issued|file
The Thistle 1906 page 1|||1906-01-01T00:00:00|the_thistle_1906/page_1.jpg
The Thistle 1906 page 2|||1906-01-01T00:00:00|the_thistle_1906/page_2.jpg
The Thistle 1906 page 3|||1906-01-01T00:00:00|the_thistle_1906/page_3.jpg
The Thistle 1906 page 4|||1906-01-01T00:00:00|the_thistle_1906/page_4.jpg
The Thistle 1906 page 5|||1906-01-01T00:00:00|the_thistle_1906/page_5.jpg
The Thistle 1906 page 6|||1906-01-01T00:00:00|the_thistle_1906/page_6.jpg
The Thistle 1906 page 7|||1906-01-01T00:00:00|the_thistle_1906/page_7.jpg
The Thistle 1906 page 8|||1906-01-01T00:00:00|the_thistle_1906/page_8.jpg
The Thistle 1906 page 9|||1906-01-01T00:00:00|the_thistle_1906/page_9.jpg
The Thistle 1906 page 10|||1906-01-01T00:00:00|the_thistle_1906/page_10.jpg
The Thistle 1906 page 11|||1906-01-01T00:00:00|the_thistle_1906/page_11.jpg
The Thistle 1906 page 12|||1906-01-01T00:00:00|the_thistle_1906/page_12.jpg
The Thistle 1906 page 13|||1906-01-01T00:00:00|the_thistle_1906/page_13.jpg
The Thistle 1906 page 14|||1906-01-01T00:00:00|the_thistle_1906/page_14.jpg
The Thistle 1906 page 15|||1906-01-01T00:00:00|the_thistle_1906/page_15.jpg
The Thistle 1906 page 16|||1906-01-01T00:00:00|the_thistle_1906/page_16.jpg
The Thistle 1906 page 17|||1906-01-01T00:00:00|the_thistle_1906/page_17.jpg
The Thistle 1906 page 18|||1906-01-01T00:00:00|the_thistle_1906/page_18.jpg
The Thistle 1906 page 19|||1906-01-01T00:00:00|the_thistle_1906/page_19.jpg
The Thistle 1906 page 20|||1906-01-01T00:00:00|the_thistle_1906/page_20.jpg
The Thistle 1906 page 21|||1906-01-01T00:00:00|the_thistle_1906/page_21.jpg
The Thistle 1906 page 22|||1906-01-01T00:00:00|the_thistle_1906/page_22.jpg
The Thistle 1906 page 23|||1906-01-01T00:00:00|the_thistle_1906/page_23.jpg
The Thistle 1906 page 24|||1906-01-01T00:00:00|the_thistle_1906/page_24.jpg
The Thistle 1906 page 25|||1906-01-01T00:00:00|the_thistle_1906/page_25.jpg
The Thistle 1906 page 26|||1906-01-01T00:00:00|the_thistle_1906/page_26.jpg
The Thistle 1906 page 27|||1906-01-01T00:00:00|the_thistle_1906/page_27.jpg
The Thistle 1906 page 28|||1906-01-01T00:00:00|the_thistle_1906/page_28.jpg
The Thistle 1906 page 29|||1906-01-01T00:00:00|the_thistle_1906/page_29.jpg
The Thistle 1906 page 30|||1906-01-01T00:00:00|the_thistle_1906/page_30.jpg
The Thistle 1906 page 31|||1906-01-01T00:00:00|the_thistle_1906/page_31.jpg
The Thistle 1906 page 32|||1906-01-01T00:00:00|the_thistle_1906/page_32.jpg
The Thistle 1906 page 33|||1906-01-01T00:00:00|the_thistle_1906/page_33.jpg
The Thistle 1906 page 34|||1906-01-01T00:00:00|the_thistle_1906/page_34.jpg
The Thistle 1906 page 35|||1906-01-01T00:00:00|the_thistle_1906/page_35.jpg
The Thistle 1906 page 36|||1906-01-01T00:00:00|the_thistle_1906/page_36.jpg
The Thistle 1906 page 37|||1906-01-01T00:00:00|the_thistle_1906/page_37.jpg
The Thistle 1906 page 38|||1906-01-01T00:00:00|the_thistle_1906/page_38.jpg
The Thistle 1906 page 39|||1906-01-01T00:00:00|the_thistle_1906/page_39.jpg
The Thistle 1906 page 40|||1906-01-01T00:00:00|the_thistle_1906/page_40.jpg
The Thistle 1906 page 41|||1906-01-01T00:00:00|the_thistle_1906/page_41.jpg
The Thistle 1906 page 42|||1906-01-01T00:00:00|the_thistle_1906/page_42.jpg
The Thistle 1906 page 43|||1906-01-01T00:00:00|the_thistle_1906/page_43.jpg
The Thistle 1906 page 44|||1906-01-01T00:00:00|the_thistle_1906/page_44.jpg
The Thistle 1906 page 45|||1906-01-01T00:00:00|the_thistle_1906/page_45.jpg
The Thistle 1906 page 46|||1906-01-01T00:00:00|the_thistle_1906/page_46.jpg
The Thistle 1906 page 47|||1906-01-01T00:00:00|the_thistle_1906/page_47.jpg
The Thistle 1906 page 48|||1906-01-01T00:00:00|the_thistle_1906/page_48.jpg
The Thistle 1906 page 49|||1906-01-01T00:00:00|the_thistle_1906/page_49.jpg
The Thistle 1906 page 50|||1906-01-01T00:00:00|the_thistle_1906/page_50.jpg
The Thistle 1906 page 51|||1906-01-01T00:00:00|the_thistle_1906/page_51.jpg
The Thistle 1906 page 52|||1906-01-01T00:00:00|the_thistle_1906/page_52.jpg
The Thistle 1906 page 53|||1906-01-01T00:00:00|the_thistle_1906/page_53.jpg
The Thistle 1906 page 54|||1906-01-01T00:00:00|the_thistle_1906/page_54.jpg
The Thistle 1906 page 55|||1906-01-01T00:00:00|the_thistle_1906/page_55.jpg
The Thistle 1906 page 56|||1906-01-01T00:00:00|the_thistle_1906/page_56.jpg
The Thistle 1906 page 57|||1906-01-01T00:00:00|the_thistle_1906/page_57.jpg
The Thistle 1906 page 58|||1906-01-01T00:00:00|the_thistle_1906/page_58.jpg
The Thistle 1906 page 59|||1906-01-01T00:00:00|the_thistle_1906/page_59.jpg
The Thistle 1906 page 60|||1906-01-01T00:00:00|the_thistle_1906/page_60.jpg
The Thistle 1906 page 61|||1906-01-01T00:00:00|the_thistle_1906/page_61.jpg
The Thistle 1906 page 62|||1906-01-01T00:00:00|the_thistle_1906/page_62.jpg
The Thistle 1906 page 63|||1906-01-01T00:00:00|the_thistle_1906/page_63.jpg
The Thistle 1906 page 64|||1906-01-01T00:00:00|the_thistle_1906/page_64.jpg
The Thistle 1906 page 65|||1906-01-01T00:00:00|the_thistle_1906/page_65.jpg
The Thistle 1906 page 66|||1906-01-01T00:00:00|the_thistle_1906/page_66.jpg
The Thistle 1906 page 67|||1906-01-01T00:00:00|the_thistle_1906/page_67.jpg
The Thistle 1906 page 68|||1906-01-01T00:00:00|the_thistle_1906/page_68.jpg
The Thistle 1906 page 69|||1906-01-01T00:00:00|the_thistle_1906/page_69.jpg
The Thistle 1906 page 70|||1906-01-01T00:00:00|the_thistle_1906/page_70.jpg
The Thistle 1906 page 71|||1906-01-01T00:00:00|the_thistle_1906/page_71.jpg
The Thistle 1906 page 72|||1906-01-01T00:00:00|the_thistle_1906/page_72.jpg
The Thistle 1906 page 73|||1906-01-01T00:00:00|the_thistle_1906/page_73.jpg
The Thistle 1906 page 74|||1906-01-01T00:00:00|the_thistle_1906/page_74.jpg
The Thistle 1906 page 75|||1906-01-01T00:00:00|the_thistle_1906/page_75.jpg
The Thistle 1906 page 76|||1906-01-01T00:00:00|the_thistle_1906/page_76.jpg
The Thistle 1906 page 77|||1906-01-01T00:00:00|the_thistle_1906/page_77.jpg
The Thistle 1906 page 78|||1906-01-01T00:00:00|the_thistle_1906/page_78.jpg
The Thistle 1906 page 79|||1906-01-01T00:00:00|the_thistle_1906/page_79.jpg
The Thistle 1906 page 80|||1906-01-01T00:00:00|the_thistle_1906/page_80.jpg
The Thistle 1906 page 81|||1906-01-01T00:00:00|the_thistle_1906/page_81.jpg
The Thistle 1906 page 82|||1906-01-01T00:00:00|the_thistle_1906/page_82.jpg
The Thistle 1906 page 83|||1906-01-01T00:00:00|the_thistle_1906/page_83.jpg
The Thistle 1906 page 84|||1906-01-01T00:00:00|the_thistle_1906/page_84.jpg
The Thistle 1906 page 85|||1906-01-01T00:00:00|the_thistle_1906/page_85.jpg
The Thistle 1906 page 86|||1906-01-01T00:00:00|the_thistle_1906/page_86.jpg
The Thistle 1906 page 87|||1906-01-01T00:00:00|the_thistle_1906/page_87.jpg
The Thistle 1906 page 88|||1906-01-01T00:00:00|the_thistle_1906/page_88.jpg
The Thistle 1906 page 89|||1906-01-01T00:00:00|the_thistle_1906/page_89.jpg
The Thistle 1906 page 90|||1906-01-01T00:00:00|the_thistle_1906/page_90.jpg
The Thistle 1906 page 91|||1906-01-01T00:00:00|the_thistle_1906/page_91.jpg
The Thistle 1906 page 92|||1906-01-01T00:00:00|the_thistle_1906/page_92.jpg
The Thistle 1906 page 93|||1906-01-01T00:00:00|the_thistle_1906/page_93.jpg
The Thistle 1906 page 94|||1906-01-01T00:00:00|the_thistle_1906/page_94.jpg
The Thistle 1906 page 95|||1906-01-01T00:00:00|the_thistle_1906/page_95.jpg
The Thistle 1906 page 96|||1906-01-01T00:00:00|the_thistle_1906/page_96.jpg
The Thistle 1906 page 97|||1906-01-01T00:00:00|the_thistle_1906/page_97.jpg
The Thistle 1906 page 98|||1906-01-01T00:00:00|the_thistle_1906/page_98.jpg
The Thistle 1906 page 99|||1906-01-01T00:00:00|the_thistle_1906/page_99.jpg
The Thistle 1906 page 100|||1906-01-01T00:00:00|the_thistle_1906/page_100.jpg
The Thistle 1906 page 101|||1906-01-01T00:00:00|the_thistle_1906/page_101.jpg
The Thistle 1906 page 102|||1906-01-01T00:00:00|the_thistle_1906/page_102.jpg
The Thistle 1906 page 103|||1906-01-01T00:00:00|the_thistle_1906/page_103.jpg
The Thistle 1906 page 104|||1906-01-01T00:00:00|the_thistle_1906/page_104.jpg
The Thistle 1906 page 105|||1906-01-01T00:00:00|the_thistle_1906/page_105.jpg
The Thistle 1906 page 106|||1906-01-01T00:00:00|the_thistle_1906/page_106.jpg
The Thistle 1906 page 107|||1906-01-01T00:00:00|the_thistle_1906/page_107.jpg
The Thistle 1906 page 108|||1906-01-01T00:00:00|the_thistle_1906/page_108.jpg
The Thistle 1906 page 109|||1906-01-01T00:00:00|the_thistle_1906/page_109.jpg
The Thistle 1906 page 110|||1906-01-01T00:00:00|the_thistle_1906/page_110.jpg
The Thistle 1906 page 111|||1906-01-01T00:00:00|the_thistle_1906/page_111.jpg
The Thistle 1906 page 112|||1906-01-01T00:00:00|the_thistle_1906/page_112.jpg
The Thistle 1906 page 113|||1906-01-01T00:00:00|the_thistle_1906/page_113.jpg
The Thistle 1906 page 114|||1906-01-01T00:00:00|the_thistle_1906/page_114.jpg
The Thistle 1906 page 115|||1906-01-01T00:00:00|the_thistle_1906/page_115.jpg
The Thistle 1906 page 116|||1906-01-01T00:00:00|the_thistle_1906/page_116.jpg
The Thistle 1906 page 117|||1906-01-01T00:00:00|the_thistle_1906/page_117.jpg
The Thistle 1906 page 118|||1906-01-01T00:00:00|the_thistle_1906/page_118.jpg
The Thistle 1906 page 119|||1906-01-01T00:00:00|the_thistle_1906/page_119.jpg
The Thistle 1906 page 120|||1906-01-01T00:00:00|the_thistle_1906/page_120.jpg
The Thistle 1906 page 121|||1906-01-01T00:00:00|the_thistle_1906/page_121.jpg
The Thistle 1906 page 122|||1906-01-01T00:00:00|the_thistle_1906/page_122.jpg
The Thistle 1906 page 123|||1906-01-01T00:00:00|the_thistle_1906/page_123.jpg
The Thistle 1906 page 124|||1906-01-01T00:00:00|the_thistle_1906/page_124.jpg
The Thistle 1906 page 125|||1906-01-01T00:00:00|the_thistle_1906/page_125.jpg
The Thistle 1906 page 126|||1906-01-01T00:00:00|the_thistle_1906/page_126.jpg
The Thistle 1906 page 127|||1906-01-01T00:00:00|the_thistle_1906/page_127.jpg
The Thistle 1906 page 128|||1906-01-01T00:00:00|the_thistle_1906/page_128.jpg
The Thistle 1906 page 129|||1906-01-01T00:00:00|the_thistle_1906/page_129.jpg
The Thistle 1906 page 130|||1906-01-01T00:00:00|the_thistle_1906/page_130.jpg
The Thistle 1906 page 131|||1906-01-01T00:00:00|the_thistle_1906/page_131.jpg
The Thistle 1906 page 132|||1906-01-01T00:00:00|the_thistle_1906/page_132.jpg
The Thistle 1906 page 133|||1906-01-01T00:00:00|the_thistle_1906/page_133.jpg
The Thistle 1906 page 134|||1906-01-01T00:00:00|the_thistle_1906/page_134.jpg
The Thistle 1906 page 135|||1906-01-01T00:00:00|the_thistle_1906/page_135.jpg
The Thistle 1906 page 136|||1906-01-01T00:00:00|the_thistle_1906/page_136.jpg
The Thistle 1906 page 137|||1906-01-01T00:00:00|the_thistle_1906/page_137.jpg
The Thistle 1906 page 138|||1906-01-01T00:00:00|the_thistle_1906/page_138.jpg
The Thistle 1906 page 139|||1906-01-01T00:00:00|the_thistle_1906/page_139.jpg
The Thistle 1906 page 140|||1906-01-01T00:00:00|the_thistle_1906/page_140.jpg
The Thistle 1906 page 141|||1906-01-01T00:00:00|the_thistle_1906/page_141.jpg
The Thistle 1906 page 142|||1906-01-01T00:00:00|the_thistle_1906/page_142.jpg
The Thistle 1906 page 143|||1906-01-01T00:00:00|the_thistle_1906/page_143.jpg
The Thistle 1906 page 144|||1906-01-01T00:00:00|the_thistle_1906/page_144.jpg
The Thistle 1906 page 145|||1906-01-01T00:00:00|the_thistle_1906/page_145.jpg
The Thistle 1906 page 146|||1906-01-01T00:00:00|the_thistle_1906/page_146.jpg
The Thistle 1906 page 147|||1906-01-01T00:00:00|the_thistle_1906/page_147.jpg
The Thistle 1906 page 148|||1906-01-01T00:00:00|the_thistle_1906/page_148.jpg
The Thistle 1906 page 149|||1906-01-01T00:00:00|the_thistle_1906/page_149.jpg
The Thistle 1906 page 150|||1906-01-01T00:00:00|the_thistle_1906/page_150.jpg
The Thistle 1906 page 151|||1906-01-01T00:00:00|the_thistle_1906/page_151.jpg
The Thistle 1906 page 152|||1906-01-01T00:00:00|the_thistle_1906/page_152.jpg
The Thistle 1906 page 153|||1906-01-01T00:00:00|the_thistle_1906/page_153.jpg
The Thistle 1906 page 154|||1906-01-01T00:00:00|the_thistle_1906/page_154.jpg
The Thistle 1906 page 155|||1906-01-01T00:00:00|the_thistle_1906/page_155.jpg
The Thistle 1906 page 156|||1906-01-01T00:00:00|the_thistle_1906/page_156.jpg
The Thistle 1906 page 157|||1906-01-01T00:00:00|the_thistle_1906/page_157.jpg
The Thistle 1906 page 158|||1906-01-01T00:00:00|the_thistle_1906/page_158.jpg
The Thistle 1906 page 159|||1906-01-01T00:00:00|the_thistle_1906/page_159.jpg
The Thistle 1906 page 160|||1906-01-01T00:00:00|the_thistle_1906/page_160.jpg
The Thistle 1906 page 161|||1906-01-01T00:00:00|the_thistle_1906/page_161.jpg
The Thistle 1906 page 162|||1906-01-01T00:00:00|the_thistle_1906/page_162.jpg
The Thistle 1906 page 163|||1906-01-01T00:00:00|the_thistle_1906/page_163.jpg
The Thistle 1906 page 164|||1906-01-01T00:00:00|the_thistle_1906/page_164.jpg
The Thistle 1906 page 165|||1906-01-01T00:00:00|the_thistle_1906/page_165.jpg
The Thistle 1906 page 166|||1906-01-01T00:00:00|the_thistle_1906/page_166.jpg
The Thistle 1906 page 167|||1906-01-01T00:00:00|the_thistle_1906/page_167.jpg
The Thistle 1906 page 168|||1906-01-01T00:00:00|the_thistle_1906/page_168.jpg
The Thistle 1906 page 169|||1906-01-01T00:00:00|the_thistle_1906/page_169.jpg
The Thistle 1906 page 170|||1906-01-01T00:00:00|the_thistle_1906/page_170.jpg
The Thistle 1906 page 171|||1906-01-01T00:00:00|the_thistle_1906/page_171.jpg
The Thistle 1906 page 172|||1906-01-01T00:00:00|the_thistle_1906/page_172.jpg
The Thistle 1906 page 173|||1906-01-01T00:00:00|the_thistle_1906/page_173.jpg
The Thistle 1906 page 174|||1906-01-01T00:00:00|the_thistle_1906/page_174.jpg
The Thistle 1906 page 175|||1906-01-01T00:00:00|the_thistle_1906/page_175.jpg
The Thistle 1906 page 176|||1906-01-01T00:00:00|the_thistle_1906/page_176.jpg
The Thistle 1906 page 177|||1906-01-01T00:00:00|the_thistle_1906/page_177.jpg
The Thistle 1906 page 178|||1906-01-01T00:00:00|the_thistle_1906/page_178.jpg
The Thistle 1906 page 179|||1906-01-01T00:00:00|the_thistle_1906/page_179.jpg
The Thistle 1906 page 180|||1906-01-01T00:00:00|the_thistle_1906/page_180.jpg
The Thistle 1906 page 181|||1906-01-01T00:00:00|the_thistle_1906/page_181.jpg
The Thistle 1906 page 182|||1906-01-01T00:00:00|the_thistle_1906/page_182.jpg
The Thistle 1906 page 183|||1906-01-01T00:00:00|the_thistle_1906/page_183.jpg
The Thistle 1906 page 184|||1906-01-01T00:00:00|the_thistle_1906/page_184.jpg
The Thistle 1906 page 185|||1906-01-01T00:00:00|the_thistle_1906/page_185.jpg
The Thistle 1906 page 186|||1906-01-01T00:00:00|the_thistle_1906/page_186.jpg
The Thistle 1906 page 187|||1906-01-01T00:00:00|the_thistle_1906/page_187.jpg
The Thistle 1906 page 188|||1906-01-01T00:00:00|the_thistle_1906/page_188.jpg
The Thistle 1906 page 189|||1906-01-01T00:00:00|the_thistle_1906/page_189.jpg
The Thistle 1906 page 190|||1906-01-01T00:00:00|the_thistle_1906/page_190.jpg
The Thistle 1906 page 191|||1906-01-01T00:00:00|the_thistle_1906/page_191.jpg
The Thistle 1906 page 192|||1906-01-01T00:00:00|the_thistle_1906/page_192.jpg
The Thistle 1906 page 193|||1906-01-01T00:00:00|the_thistle_1906/page_193.jpg
The Thistle 1906 page 194|||1906-01-01T00:00:00|the_thistle_1906/page_194.jpg
The Thistle 1906 page 195|||1906-01-01T00:00:00|the_thistle_1906/page_195.jpg
The Thistle 1906 page 196|||1906-01-01T00:00:00|the_thistle_1906/page_196.jpg
The Thistle 1906 page 197|||1906-01-01T00:00:00|the_thistle_1906/page_197.jpg
The Thistle 1906 page 198|||1906-01-01T00:00:00|the_thistle_1906/page_198.jpg
The Thistle 1906 page 199|||1906-01-01T00:00:00|the_thistle_1906/page_199.jpg
The Thistle 1906 page 200|||1906-01-01T00:00:00|the_thistle_1906/page_200.jpg
The Thistle 1906 page 201|||1906-01-01T00:00:00|the_thistle_1906/page_201.jpg
The Thistle 1906 page 202|||1906-01-01T00:00:00|the_thistle_1906/page_202.jpg
The Thistle 1906 page 203|||1906-01-01T00:00:00|the_thistle_1906/page_203.jpg
The Thistle 1906 page 204|||1906-01-01T00:00:00|the_thistle_1906/page_204.jpg
The Thistle 1906 page 205|||1906-01-01T00:00:00|the_thistle_1906/page_205.jpg
The Thistle 1906 page 206|||1906-01-01T00:00:00|the_thistle_1906/page_206.jpg
The Thistle 1907 page 1|||1907-01-01T00:00:00|the_thistle_1907/page_1.jpg
The Thistle 1907 page 2|||1907-01-01T00:00:00|the_thistle_1907/page_2.jpg
The Thistle 1907 page 3|||1907-01-01T00:00:00|the_thistle_1907/page_3.jpg
The Thistle 1907 page 4|||1907-01-01T00:00:00|the_thistle_1907/page_4.jpg
The Thistle 1907 page 5|||1907-01-01T00:00:00|the_thistle_1907/page_5.jpg
The Thistle 1907 page 6|||1907-01-01T00:00:00|the_thistle_1907/page_6.jpg
The Thistle 1907 page 7|||1907-01-01T00:00:00|the_thistle_1907/page_7.jpg
The Thistle 1907 page 8|||1907-01-01T00:00:00|the_thistle_1907/page_8.jpg
The Thistle 1907 page 9|||1907-01-01T00:00:00|the_thistle_1907/page_9.jpg
The Thistle 1907 page 10|||1907-01-01T00:00:00|the_thistle_1907/page_10.jpg
The Thistle 1907 page 11|||1907-01-01T00:00:00|the_thistle_1907/page_11.jpg
The Thistle 1907 page 12|||1907-01-01T00:00:00|the_thistle_1907/page_12.jpg
The Thistle 1907 page 13|||1907-01-01T00:00:00|the_thistle_1907/page_13.jpg
The Thistle 1907 page 14|||1907-01-01T00:00:00|the_thistle_1907/page_14.jpg
The Thistle 1907 page 15|||1907-01-01T00:00:00|the_thistle_1907/page_15.jpg
The Thistle 1907 page 16|||1907-01-01T00:00:00|the_thistle_1907/page_16.jpg
The Thistle 1907 page 17|||1907-01-01T00:00:00|the_thistle_1907/page_17.jpg
The Thistle 1907 page 18|||1907-01-01T00:00:00|the_thistle_1907/page_18.jpg
The Thistle 1907 page 19|||1907-01-01T00:00:00|the_thistle_1907/page_19.jpg
The Thistle 1907 page 20|||1907-01-01T00:00:00|the_thistle_1907/page_20.jpg
The Thistle 1907 page 21|||1907-01-01T00:00:00|the_thistle_1907/page_21.jpg
The Thistle 1907 page 22|||1907-01-01T00:00:00|the_thistle_1907/page_22.jpg
The Thistle 1907 page 23|||1907-01-01T00:00:00|the_thistle_1907/page_23.jpg
The Thistle 1907 page 24|||1907-01-01T00:00:00|the_thistle_1907/page_24.jpg
The Thistle 1907 page 25|||1907-01-01T00:00:00|the_thistle_1907/page_25.jpg
The Thistle 1907 page 26|||1907-01-01T00:00:00|the_thistle_1907/page_26.jpg
The Thistle 1907 page 27|||1907-01-01T00:00:00|the_thistle_1907/page_27.jpg
The Thistle 1907 page 28|||1907-01-01T00:00:00|the_thistle_1907/page_28.jpg
The Thistle 1907 page 29|||1907-01-01T00:00:00|the_thistle_1907/page_29.jpg
The Thistle 1907 page 30|||1907-01-01T00:00:00|the_thistle_1907/page_30.jpg
The Thistle 1907 page 31|||1907-01-01T00:00:00|the_thistle_1907/page_31.jpg
The Thistle 1907 page 32|||1907-01-01T00:00:00|the_thistle_1907/page_32.jpg
The Thistle 1907 page 33|||1907-01-01T00:00:00|the_thistle_1907/page_33.jpg
The Thistle 1907 page 34|||1907-01-01T00:00:00|the_thistle_1907/page_34.jpg
The Thistle 1907 page 35|||1907-01-01T00:00:00|the_thistle_1907/page_35.jpg
The Thistle 1907 page 36|||1907-01-01T00:00:00|the_thistle_1907/page_36.jpg
The Thistle 1907 page 37|||1907-01-01T00:00:00|the_thistle_1907/page_37.jpg
The Thistle 1907 page 38|||1907-01-01T00:00:00|the_thistle_1907/page_38.jpg
The Thistle 1907 page 39|||1907-01-01T00:00:00|the_thistle_1907/page_39.jpg
The Thistle 1907 page 40|||1907-01-01T00:00:00|the_thistle_1907/page_40.jpg
The Thistle 1907 page 41|||1907-01-01T00:00:00|the_thistle_1907/page_41.jpg
The Thistle 1907 page 42|||1907-01-01T00:00:00|the_thistle_1907/page_42.jpg
The Thistle 1907 page 43|||1907-01-01T00:00:00|the_thistle_1907/page_43.jpg
The Thistle 1907 page 44|||1907-01-01T00:00:00|the_thistle_1907/page_44.jpg
The Thistle 1907 page 45|||1907-01-01T00:00:00|the_thistle_1907/page_45.jpg
The Thistle 1907 page 46|||1907-01-01T00:00:00|the_thistle_1907/page_46.jpg
The Thistle 1907 page 47|||1907-01-01T00:00:00|the_thistle_1907/page_47.jpg
The Thistle 1907 page 48|||1907-01-01T00:00:00|the_thistle_1907/page_48.jpg
The Thistle 1907 page 49|||1907-01-01T00:00:00|the_thistle_1907/page_49.jpg
The Thistle 1907 page 50|||1907-01-01T00:00:00|the_thistle_1907/page_50.jpg
The Thistle 1907 page 51|||1907-01-01T00:00:00|the_thistle_1907/page_51.jpg
The Thistle 1907 page 52|||1907-01-01T00:00:00|the_thistle_1907/page_52.jpg
The Thistle 1907 page 53|||1907-01-01T00:00:00|the_thistle_1907/page_53.jpg
The Thistle 1907 page 54|||1907-01-01T00:00:00|the_thistle_1907/page_54.jpg
The Thistle 1907 page 55|||1907-01-01T00:00:00|the_thistle_1907/page_55.jpg
The Thistle 1907 page 56|||1907-01-01T00:00:00|the_thistle_1907/page_56.jpg
The Thistle 1907 page 57|||1907-01-01T00:00:00|the_thistle_1907/page_57.jpg
The Thistle 1907 page 58|||1907-01-01T00:00:00|the_thistle_1907/page_58.jpg
The Thistle 1907 page 59|||1907-01-01T00:00:00|the_thistle_1907/page_59.jpg
The Thistle 1907 page 60|||1907-01-01T00:00:00|the_thistle_1907/page_60.jpg
The Thistle 1907 page 61|||1907-01-01T00:00:00|the_thistle_1907/page_61.jpg
The Thistle 1907 page 62|||1907-01-01T00:00:00|the_thistle_1907/page_62.jpg
The Thistle 1907 page 63|||1907-01-01T00:00:00|the_thistle_1907/page_63.jpg
The Thistle 1907 page 64|||1907-01-01T00:00:00|the_thistle_1907/page_64.jpg
The Thistle 1907 page 65|||1907-01-01T00:00:00|the_thistle_1907/page_65.jpg
The Thistle 1907 page 66|||1907-01-01T00:00:00|the_thistle_1907/page_66.jpg
The Thistle 1907 page 67|||1907-01-01T00:00:00|the_thistle_1907/page_67.jpg
The Thistle 1907 page 68|||1907-01-01T00:00:00|the_thistle_1907/page_68.jpg
The Thistle 1907 page 69|||1907-01-01T00:00:00|the_thistle_1907/page_69.jpg
The Thistle 1907 page 70|||1907-01-01T00:00:00|the_thistle_1907/page_70.jpg
The Thistle 1907 page 71|||1907-01-01T00:00:00|the_thistle_1907/page_71.jpg
The Thistle 1907 page 72|||1907-01-01T00:00:00|the_thistle_1907/page_72.jpg
The Thistle 1907 page 73|||1907-01-01T00:00:00|the_thistle_1907/page_73.jpg
The Thistle 1907 page 74|||1907-01-01T00:00:00|the_thistle_1907/page_74.jpg
The Thistle 1907 page 75|||1907-01-01T00:00:00|the_thistle_1907/page_75.jpg
The Thistle 1907 page 76|||1907-01-01T00:00:00|the_thistle_1907/page_76.jpg
The Thistle 1907 page 77|||1907-01-01T00:00:00|the_thistle_1907/page_77.jpg
The Thistle 1907 page 78|||1907-01-01T00:00:00|the_thistle_1907/page_78.jpg
The Thistle 1907 page 79|||1907-01-01T00:00:00|the_thistle_1907/page_79.jpg
The Thistle 1907 page 80|||1907-01-01T00:00:00|the_thistle_1907/page_80.jpg
The Thistle 1907 page 81|||1907-01-01T00:00:00|the_thistle_1907/page_81.jpg
The Thistle 1907 page 82|||1907-01-01T00:00:00|the_thistle_1907/page_82.jpg
The Thistle 1907 page 83|||1907-01-01T00:00:00|the_thistle_1907/page_83.jpg
The Thistle 1907 page 84|||1907-01-01T00:00:00|the_thistle_1907/page_84.jpg
The Thistle 1907 page 85|||1907-01-01T00:00:00|the_thistle_1907/page_85.jpg
The Thistle 1907 page 86|||1907-01-01T00:00:00|the_thistle_1907/page_86.jpg
The Thistle 1907 page 87|||1907-01-01T00:00:00|the_thistle_1907/page_87.jpg
The Thistle 1907 page 88|||1907-01-01T00:00:00|the_thistle_1907/page_88.jpg
The Thistle 1907 page 89|||1907-01-01T00:00:00|the_thistle_1907/page_89.jpg
The Thistle 1907 page 90|||1907-01-01T00:00:00|the_thistle_1907/page_90.jpg
The Thistle 1907 page 91|||1907-01-01T00:00:00|the_thistle_1907/page_91.jpg
The Thistle 1907 page 92|||1907-01-01T00:00:00|the_thistle_1907/page_92.jpg
The Thistle 1907 page 93|||1907-01-01T00:00:00|the_thistle_1907/page_93.jpg
The Thistle 1907 page 94|||1907-01-01T00:00:00|the_thistle_1907/page_94.jpg
The Thistle 1907 page 95|||1907-01-01T00:00:00|the_thistle_1907/page_95.jpg
The Thistle 1907 page 96|||1907-01-01T00:00:00|the_thistle_1907/page_96.jpg
The Thistle 1907 page 97|||1907-01-01T00:00:00|the_thistle_1907/page_97.jpg
The Thistle 1907 page 98|||1907-01-01T00:00:00|the_thistle_1907/page_98.jpg
The Thistle 1907 page 99|||1907-01-01T00:00:00|the_thistle_1907/page_99.jpg
The Thistle 1907 page 100|||1907-01-01T00:00:00|the_thistle_1907/page_100.jpg
The Thistle 1907 page 101|||1907-01-01T00:00:00|the_thistle_1907/page_101.jpg
The Thistle 1907 page 102|||1907-01-01T00:00:00|the_thistle_1907/page_102.jpg
The Thistle 1907 page 103|||1907-01-01T00:00:00|the_thistle_1907/page_103.jpg
The Thistle 1907 page 104|||1907-01-01T00:00:00|the_thistle_1907/page_104.jpg
The Thistle 1907 page 105|||1907-01-01T00:00:00|the_thistle_1907/page_105.jpg
The Thistle 1907 page 106|||1907-01-01T00:00:00|the_thistle_1907/page_106.jpg
The Thistle 1907 page 107|||1907-01-01T00:00:00|the_thistle_1907/page_107.jpg
The Thistle 1907 page 108|||1907-01-01T00:00:00|the_thistle_1907/page_108.jpg
The Thistle 1907 page 109|||1907-01-01T00:00:00|the_thistle_1907/page_109.jpg
The Thistle 1907 page 110|||1907-01-01T00:00:00|the_thistle_1907/page_110.jpg
The Thistle 1907 page 111|||1907-01-01T00:00:00|the_thistle_1907/page_111.jpg
The Thistle 1907 page 112|||1907-01-01T00:00:00|the_thistle_1907/page_112.jpg
The Thistle 1907 page 113|||1907-01-01T00:00:00|the_thistle_1907/page_113.jpg
The Thistle 1907 page 114|||1907-01-01T00:00:00|the_thistle_1907/page_114.jpg
The Thistle 1907 page 115|||1907-01-01T00:00:00|the_thistle_1907/page_115.jpg
The Thistle 1907 page 116|||1907-01-01T00:00:00|the_thistle_1907/page_116.jpg
The Thistle 1907 page 117|||1907-01-01T00:00:00|the_thistle_1907/page_117.jpg
The Thistle 1907 page 118|||1907-01-01T00:00:00|the_thistle_1907/page_118.jpg
The Thistle 1907 page 119|||1907-01-01T00:00:00|the_thistle_1907/page_119.jpg
The Thistle 1907 page 120|||1907-01-01T00:00:00|the_thistle_1907/page_120.jpg
The Thistle 1907 page 121|||1907-01-01T00:00:00|the_thistle_1907/page_121.jpg
The Thistle 1907 page 122|||1907-01-01T00:00:00|the_thistle_1907/page_122.jpg
The Thistle 1907 page 123|||1907-01-01T00:00:00|the_thistle_1907/page_123.jpg
The Thistle 1907 page 124|||1907-01-01T00:00:00|the_thistle_1907/page_124.jpg
The Thistle 1907 page 125|||1907-01-01T00:00:00|the_thistle_1907/page_125.jpg
The Thistle 1907 page 126|||1907-01-01T00:00:00|the_thistle_1907/page_126.jpg
The Thistle 1907 page 127|||1907-01-01T00:00:00|the_thistle_1907/page_127.jpg
The Thistle 1907 page 128|||1907-01-01T00:00:00|the_thistle_1907/page_128.jpg
The Thistle 1907 page 129|||1907-01-01T00:00:00|the_thistle_1907/page_129.jpg
The Thistle 1907 page 130|||1907-01-01T00:00:00|the_thistle_1907/page_130.jpg
The Thistle 1907 page 131|||1907-01-01T00:00:00|the_thistle_1907/page_131.jpg
The Thistle 1907 page 132|||1907-01-01T00:00:00|the_thistle_1907/page_132.jpg
The Thistle 1907 page 133|||1907-01-01T00:00:00|the_thistle_1907/page_133.jpg
The Thistle 1907 page 134|||1907-01-01T00:00:00|the_thistle_1907/page_134.jpg
The Thistle 1907 page 135|||1907-01-01T00:00:00|the_thistle_1907/page_135.jpg
The Thistle 1907 page 136|||1907-01-01T00:00:00|the_thistle_1907/page_136.jpg
The Thistle 1907 page 137|||1907-01-01T00:00:00|the_thistle_1907/page_137.jpg
The Thistle 1907 page 138|||1907-01-01T00:00:00|the_thistle_1907/page_138.jpg
The Thistle 1907 page 139|||1907-01-01T00:00:00|the_thistle_1907/page_139.jpg
The Thistle 1907 page 140|||1907-01-01T00:00:00|the_thistle_1907/page_140.jpg
The Thistle 1907 page 141|||1907-01-01T00:00:00|the_thistle_1907/page_141.jpg
The Thistle 1907 page 142|||1907-01-01T00:00:00|the_thistle_1907/page_142.jpg
The Thistle 1907 page 143|||1907-01-01T00:00:00|the_thistle_1907/page_143.jpg
The Thistle 1907 page 144|||1907-01-01T00:00:00|the_thistle_1907/page_144.jpg
The Thistle 1907 page 145|||1907-01-01T00:00:00|the_thistle_1907/page_145.jpg
The Thistle 1907 page 146|||1907-01-01T00:00:00|the_thistle_1907/page_146.jpg
The Thistle 1907 page 147|||1907-01-01T00:00:00|the_thistle_1907/page_147.jpg
The Thistle 1907 page 148|||1907-01-01T00:00:00|the_thistle_1907/page_148.jpg
The Thistle 1907 page 149|||1907-01-01T00:00:00|the_thistle_1907/page_149.jpg
The Thistle 1907 page 150|||1907-01-01T00:00:00|the_thistle_1907/page_150.jpg
The Thistle 1907 page 151|||1907-01-01T00:00:00|the_thistle_1907/page_151.jpg
The Thistle 1907 page 152|||1907-01-01T00:00:00|the_thistle_1907/page_152.jpg
The Thistle 1907 page 153|||1907-01-01T00:00:00|the_thistle_1907/page_153.jpg
The Thistle 1907 page 154|||1907-01-01T00:00:00|the_thistle_1907/page_154.jpg
The Thistle 1907 page 155|||1907-01-01T00:00:00|the_thistle_1907/page_155.jpg
The Thistle 1907 page 156|||1907-01-01T00:00:00|the_thistle_1907/page_156.jpg
The Thistle 1907 page 157|||1907-01-01T00:00:00|the_thistle_1907/page_157.jpg
The Thistle 1907 page 158|||1907-01-01T00:00:00|the_thistle_1907/page_158.jpg
The Thistle 1907 page 159|||1907-01-01T00:00:00|the_thistle_1907/page_159.jpg
The Thistle 1907 page 160|||1907-01-01T00:00:00|the_thistle_1907/page_160.jpg
The Thistle 1907 page 161|||1907-01-01T00:00:00|the_thistle_1907/page_161.jpg
The Thistle 1907 page 162|||1907-01-01T00:00:00|the_thistle_1907/page_162.jpg
The Thistle 1907 page 163|||1907-01-01T00:00:00|the_thistle_1907/page_163.jpg
The Thistle 1907 page 164|||1907-01-01T00:00:00|the_thistle_1907/page_164.jpg
The Thistle 1907 page 165|||1907-01-01T00:00:00|the_thistle_1907/page_165.jpg
The Thistle 1907 page 166|||1907-01-01T00:00:00|the_thistle_1907/page_166.jpg
The Thistle 1907 page 167|||1907-01-01T00:00:00|the_thistle_1907/page_167.jpg
The Thistle 1907 page 168|||1907-01-01T00:00:00|the_thistle_1907/page_168.jpg
The Thistle 1907 page 169|||1907-01-01T00:00:00|the_thistle_1907/page_169.jpg
The Thistle 1907 page 170|||1907-01-01T00:00:00|the_thistle_1907/page_170.jpg
The Thistle 1907 page 171|||1907-01-01T00:00:00|the_thistle_1907/page_171.jpg
The Thistle 1907 page 172|||1907-01-01T00:00:00|the_thistle_1907/page_172.jpg
The Thistle 1907 page 173|||1907-01-01T00:00:00|the_thistle_1907/page_173.jpg
The Thistle 1907 page 174|||1907-01-01T00:00:00|the_thistle_1907/page_174.jpg
The Thistle 1907 page 175|||1907-01-01T00:00:00|the_thistle_1907/page_175.jpg
The Thistle 1907 page 176|||1907-01-01T00:00:00|the_thistle_1907/page_176.jpg
The Thistle 1907 page 177|||1907-01-01T00:00:00|the_thistle_1907/page_177.jpg
The Thistle 1907 page 178|||1907-01-01T00:00:00|the_thistle_1907/page_178.jpg
The Thistle 1907 page 179|||1907-01-01T00:00:00|the_thistle_1907/page_179.jpg
The Thistle 1907 page 180|||1907-01-01T00:00:00|the_thistle_1907/page_180.jpg
The Thistle 1907 page 181|||1907-01-01T00:00:00|the_thistle_1907/page_181.jpg
The Thistle 1907 page 182|||1907-01-01T00:00:00|the_thistle_1907/page_182.jpg
The Thistle 1907 page 183|||1907-01-01T00:00:00|the_thistle_1907/page_183.jpg
The Thistle 1907 page 184|||1907-01-01T00:00:00|the_thistle_1907/page_184.jpg
The Thistle 1907 page 185|||1907-01-01T00:00:00|the_thistle_1907/page_185.jpg
The Thistle 1907 page 186|||1907-01-01T00:00:00|the_thistle_1907/page_186.jpg
The Thistle 1907 page 187|||1907-01-01T00:00:00|the_thistle_1907/page_187.jpg
The Thistle 1907 page 188|||1907-01-01T00:00:00|the_thistle_1907/page_188.jpg
The Thistle 1907 page 189|||1907-01-01T00:00:00|the_thistle_1907/page_189.jpg
The Thistle 1907 page 190|||1907-01-01T00:00:00|the_thistle_1907/page_190.jpg
The Thistle 1907 page 191|||1907-01-01T00:00:00|the_thistle_1907/page_191.jpg
The Thistle 1907 page 192|||1907-01-01T00:00:00|the_thistle_1907/page_192.jpg
The Thistle 1907 page 193|||1907-01-01T00:00:00|the_thistle_1907/page_193.jpg
The Thistle 1907 page 194|||1907-01-01T00:00:00|the_thistle_1907/page_194.jpg
The Thistle 1907 page 195|||1907-01-01T00:00:00|the_thistle_1907/page_195.jpg
The Thistle 1907 page 196|||1907-01-01T00:00:00|the_thistle_1907/page_196.jpg
The Thistle 1907 page 197|||1907-01-01T00:00:00|the_thistle_1907/page_197.jpg
The Thistle 1907 page 198|||1907-01-01T00:00:00|the_thistle_1907/page_198.jpg
The Thistle 1907 page 199|||1907-01-01T00:00:00|the_thistle_1907/page_199.jpg
The Thistle 1907 page 200|||1907-01-01T00:00:00|the_thistle_1907/page_200.jpg
The Thistle 1907 page 201|||1907-01-01T00:00:00|the_thistle_1907/page_201.jpg
The Thistle 1907 page 202|||1907-01-01T00:00:00|the_thistle_1907/page_202.jpg
The Thistle 1907 page 203|||1907-01-01T00:00:00|the_thistle_1907/page_203.jpg
The Thistle 1907 page 204|||1907-01-01T00:00:00|the_thistle_1907/page_204.jpg
The Thistle 1907 page 205|||1907-01-01T00:00:00|the_thistle_1907/page_205.jpg
The Thistle 1907 page 206|||1907-01-01T00:00:00|the_thistle_1907/page_206.jpg
The Thistle 1907 page 207|||1907-01-01T00:00:00|the_thistle_1907/page_207.jpg
The Thistle 1907 page 208|||1907-01-01T00:00:00|the_thistle_1907/page_208.jpg
The Thistle 1907 page 209|||1907-01-01T00:00:00|the_thistle_1907/page_209.jpg
The Thistle 1907 page 210|||1907-01-01T00:00:00|the_thistle_1907/page_210.jpg
The Thistle 1907 page 211|||1907-01-01T00:00:00|the_thistle_1907/page_211.jpg
The Thistle 1907 page 212|||1907-01-01T00:00:00|the_thistle_1907/page_212.jpg
The Thistle 1907 page 213|||1907-01-01T00:00:00|the_thistle_1907/page_213.jpg
The Thistle 1907 page 214|||1907-01-01T00:00:00|the_thistle_1907/page_214.jpg
The Thistle 1907 page 215|||1907-01-01T00:00:00|the_thistle_1907/page_215.jpg
The Thistle 1907 page 216|||1907-01-01T00:00:00|the_thistle_1907/page_216.jpg
The Thistle 1907 page 217|||1907-01-01T00:00:00|the_thistle_1907/page_217.jpg
The Thistle 1907 page 218|||1907-01-01T00:00:00|the_thistle_1907/page_218.jpg
The Thistle 1907 page 219|||1907-01-01T00:00:00|the_thistle_1907/page_219.jpg
The Thistle 1907 page 220|||1907-01-01T00:00:00|the_thistle_1907/page_220.jpg
The Thistle 1907 page 221|||1907-01-01T00:00:00|the_thistle_1907/page_221.jpg
The Thistle 1907 page 222|||1907-01-01T00:00:00|the_thistle_1907/page_222.jpg
The Thistle 1907 page 223|||1907-01-01T00:00:00|the_thistle_1907/page_223.jpg
The Thistle 1907 page 224|||1907-01-01T00:00:00|the_thistle_1907/page_224.jpg
The Thistle 1907 page 225|||1907-01-01T00:00:00|the_thistle_1907/page_225.jpg
The Thistle 1907 page 226|||1907-01-01T00:00:00|the_thistle_1907/page_226.jpg
The Thistle 1907 page 227|||1907-01-01T00:00:00|the_thistle_1907/page_227.jpg
The Thistle 1907 page 228|||1907-01-01T00:00:00|the_thistle_1907/page_228.jpg
The Thistle 1907 page 229|||1907-01-01T00:00:00|the_thistle_1907/page_229.jpg
The Thistle 1907 page 230|||1907-01-01T00:00:00|the_thistle_1907/page_230.jpg
The Thistle 1907 page 231|||1907-01-01T00:00:00|the_thistle_1907/page_231.jpg
The Thistle 1907 page 232|||1907-01-01T00:00:00|the_thistle_1907/page_232.jpg
The Thistle 1907 page 233|||1907-01-01T00:00:00|the_thistle_1907/page_233.jpg
The Thistle 1907 page 234|||1907-01-01T00:00:00|the_thistle_1907/page_234.jpg
The Thistle 1907 page 235|||1907-01-01T00:00:00|the_thistle_1907/page_235.jpg
The Thistle 1907 page 236|||1907-01-01T00:00:00|the_thistle_1907/page_236.jpg
The Thistle 1907 page 237|||1907-01-01T00:00:00|the_thistle_1907/page_237.jpg
The Thistle 1907 page 238|||1907-01-01T00:00:00|the_thistle_1907/page_238.jpg
The Thistle 1907 page 239|||1907-01-01T00:00:00|the_thistle_1907/page_239.jpg
The Thistle 1907 page 240|||1907-01-01T00:00:00|the_thistle_1907/page_240.jpg
The Thistle 1907 page 241|||1907-01-01T00:00:00|the_thistle_1907/page_241.jpg
The Thistle 1907 page 242|||1907-01-01T00:00:00|the_thistle_1907/page_242.jpg
The Thistle 1907 page 243|||1907-01-01T00:00:00|the_thistle_1907/page_243.jpg
The Thistle 1907 page 244|||1907-01-01T00:00:00|the_thistle_1907/page_244.jpg
The Thistle 1907 page 245|||1907-01-01T00:00:00|the_thistle_1907/page_245.jpg
The Thistle 1907 page 246|||1907-01-01T00:00:00|the_thistle_1907/page_246.jpg
The Thistle 1907 page 247|||1907-01-01T00:00:00|the_thistle_1907/page_247.jpg
The Thistle 1907 page 248|||1907-01-01T00:00:00|the_thistle_1907/page_248.jpg
The Thistle 1907 page 249|||1907-01-01T00:00:00|the_thistle_1907/page_249.jpg
The Thistle 1907 page 250|||1907-01-01T00:00:00|the_thistle_1907/page_250.jpg
The Thistle 1907 page 251|||1907-01-01T00:00:00|the_thistle_1907/page_251.jpg
The Thistle 1907 page 252|||1907-01-01T00:00:00|the_thistle_1907/page_252.jpg
The Thistle 1907 page 253|||1907-01-01T00:00:00|the_thistle_1907/page_253.jpg
The Thistle 1907 page 254|||1907-01-01T00:00:00|the_thistle_1907/page_254.jpg
The Thistle 1907 page 255|||1907-01-01T00:00:00|the_thistle_1907/page_255.jpg
The Thistle 1907 page 256|||1907-01-01T00:00:00|the_thistle_1907/page_256.jpg
The Thistle 1907 page 257|||1907-01-01T00:00:00|the_thistle_1907/page_257.jpg
The Thistle 1907 page 258|||1907-01-01T00:00:00|the_thistle_1907/page_258.jpg
The Thistle 1907 page 259|||1907-01-01T00:00:00|the_thistle_1907/page_259.jpg
The Thistle 1907 page 260|||1907-01-01T00:00:00|the_thistle_1907/page_260.jpg
The Thistle 1907 page 261|||1907-01-01T00:00:00|the_thistle_1907/page_261.jpg
The Thistle 1907 page 262|||1907-01-01T00:00:00|the_thistle_1907/page_262.jpg
The Thistle 1907 page 263|||1907-01-01T00:00:00|the_thistle_1907/page_263.jpg
The Thistle 1907 page 264|||1907-01-01T00:00:00|the_thistle_1907/page_264.jpg
The Thistle 1907 page 265|||1907-01-01T00:00:00|the_thistle_1907/page_265.jpg
The Thistle 1907 page 266|||1907-01-01T00:00:00|the_thistle_1907/page_266.jpg
The Thistle 1907 page 267|||1907-01-01T00:00:00|the_thistle_1907/page_267.jpg
