title|collection|subtitle|description|extent|issued|subjects|author|geo_location|file
Thistle 1906|thistle|Thistle year book for 1906||206 pages;book|1906-01-01T00:00:00|College Yearbooks|Carnegie-Mellon University|Carnegie-Mellon University|1906_thistle
Thistle 1907|thistle|Thistle year book for 1907||267 pages;book|1907-01-01T00:00:00|College Yearbooks|Carnegie-Mellon University|Carnegie-Mellon University|1907_thistle
Thistle 1925|thistle|Thistle year book for 1925||407 pages;book|1925-01-01T00:00:00|College Yearbooks|Carnegie-Mellon University|Carnegie-Mellon University|1925_thistle
Thistle 1909|thistle|Thistle year book for 1909||351 pages;book|1909-01-01T00:00:00|College Yearbooks|Carnegie-Mellon University|Carnegie-Mellon University|1909_thistle
Thistle 1917|thistle|Thistle year book for 1917||422 pages;book|1917-01-01T00:00:00|College Yearbooks|Carnegie-Mellon University|Carnegie-Mellon University|1917_thistle
Thistle 1916|thistle|Thistle year book for 1916||462 pages;book|1916-01-01T00:00:00|College Yearbooks|Carnegie-Mellon University|Carnegie-Mellon University|1916_thistle
Thistle 1912|thistle|Thistle year book for 1912||342 pages;book|1912-01-01T00:00:00|College Yearbooks|Carnegie-Mellon University|Carnegie-Mellon University|1912_thistle
Thistle 1918|thistle|Thistle year book for 1918||362 pages;book|1918-01-01T00:00:00|College Yearbooks|Carnegie-Mellon University|Carnegie-Mellon University|1918_thistle
Thistle 1922|thistle|Thistle year book for 1922||422 pages;book|1922-01-01T00:00:00|College Yearbooks|Carnegie-Mellon University|Carnegie-Mellon University|1922_thistle
Thistle 1924|thistle|Thistle year book for 1924||406 pages;book|1924-01-01T00:00:00|College Yearbooks|Carnegie-Mellon University|Carnegie-Mellon University|1924_thistle
Thistle 1911|thistle|Thistle year book for 1911||304 pages;book|1911-01-01T00:00:00|College Yearbooks|Carnegie-Mellon University|Carnegie-Mellon University|1911_thistle
Thistle 1923|thistle|Thistle year book for 1923||416 pages;book|1923-01-01T00:00:00|College Yearbooks|Carnegie-Mellon University|Carnegie-Mellon University|1923_thistle
Thistle 1915|thistle|Thistle year book for 1915||442 pages;book|1915-01-01T00:00:00|College Yearbooks|Carnegie-Mellon University|Carnegie-Mellon University|1915_thistle
Thistle 1908|thistle|Thistle year book for 1908||352 pages;book|1908-01-01T00:00:00|College Yearbooks|Carnegie-Mellon University|Carnegie-Mellon University|1908_thistle
Thistle 1913|thistle|Thistle year book for 1913||400 pages;book|1913-01-01T00:00:00|College Yearbooks|Carnegie-Mellon University|Carnegie-Mellon University|1913_thistle
Thistle 1914|thistle|Thistle year book for 1914||396 pages;book|1914-01-01T00:00:00|College Yearbooks|Carnegie-Mellon University|Carnegie-Mellon University|1914_thistle
Thistle 1919|thistle|Thistle year book for 1919||408 pages;book|1919-01-01T00:00:00|College Yearbooks|Carnegie-Mellon University|Carnegie-Mellon University|1919_thistle
Thistle 1910|thistle|Thistle year book for 1910||226 pages;book|1910-01-01T00:00:00|College Yearbooks|Carnegie-Mellon University|Carnegie-Mellon University|1910_thistle
Thistle 1921|thistle|Thistle year book for 1921||410 pages;book|1921-01-01T00:00:00|College Yearbooks|Carnegie-Mellon University|Carnegie-Mellon University|1921_thistle
Thistle 1920|thistle|Thistle year book for 1920||384 pages;book|1920-01-01T00:00:00|College Yearbooks|Carnegie-Mellon University|Carnegie-Mellon University|1920_thistle
