file,title,subtitle,description,issued
/var/www/html/drupal/web/modules/contrib/migrate_islandora_csv/data-cmu/images/thistle/1982/page_1.jpg,thistle 1982 page 1,,page 1 of thistle 1982,1982
/var/www/html/drupal/web/modules/contrib/migrate_islandora_csv/data-cmu/images/thistle/1982/page_2.jpg,thistle 1982 page 2,,page 2 of thistle 1982,1982
/var/www/html/drupal/web/modules/contrib/migrate_islandora_csv/data-cmu/images/thistle/1982/page_3.jpg,thistle 1982 page 3,,page 3 of thistle 1982,1982
/var/www/html/drupal/web/modules/contrib/migrate_islandora_csv/data-cmu/images/thistle/1982/page_4.jpg,thistle 1982 page 4,,page 4 of thistle 1982,1982
/var/www/html/drupal/web/modules/contrib/migrate_islandora_csv/data-cmu/images/thistle/1982/page_5.jpg,thistle 1982 page 5,,page 5 of thistle 1982,1982
/var/www/html/drupal/web/modules/contrib/migrate_islandora_csv/data-cmu/images/thistle/1982/page_6.jpg,thistle 1982 page 6,,page 6 of thistle 1982,1982
/var/www/html/drupal/web/modules/contrib/migrate_islandora_csv/data-cmu/images/thistle/1982/page_7.jpg,thistle 1982 page 7,,page 7 of thistle 1982,1982
/var/www/html/drupal/web/modules/contrib/migrate_islandora_csv/data-cmu/images/thistle/1982/page_8.jpg,thistle 1982 page 8,,page 8 of thistle 1982,1982
/var/www/html/drupal/web/modules/contrib/migrate_islandora_csv/data-cmu/images/thistle/1982/page_9.jpg,thistle 1982 page 9,,page 9 of thistle 1982,1982
/var/www/html/drupal/web/modules/contrib/migrate_islandora_csv/data-cmu/images/thistle/1982/page_10.jpg,thistle 1982 page 10,,page 10 of thistle 1982,1982
/var/www/html/drupal/web/modules/contrib/migrate_islandora_csv/data-cmu/images/thistle/1982/page_11.jpg,thistle 1982 page 11,,page 11 of thistle 1982,1982
/var/www/html/drupal/web/modules/contrib/migrate_islandora_csv/data-cmu/images/thistle/1982/page_12.jpg,thistle 1982 page 12,,page 12 of thistle 1982,1982
/var/www/html/drupal/web/modules/contrib/migrate_islandora_csv/data-cmu/images/thistle/1982/page_13.jpg,thistle 1982 page 13,,page 13 of thistle 1982,1982
/var/www/html/drupal/web/modules/contrib/migrate_islandora_csv/data-cmu/images/thistle/1982/page_14.jpg,thistle 1982 page 14,,page 14 of thistle 1982,1982
/var/www/html/drupal/web/modules/contrib/migrate_islandora_csv/data-cmu/images/thistle/1982/page_15.jpg,thistle 1982 page 15,,page 15 of thistle 1982,1982
/var/www/html/drupal/web/modules/contrib/migrate_islandora_csv/data-cmu/images/thistle/1982/page_16.jpg,thistle 1982 page 16,,page 16 of thistle 1982,1982
/var/www/html/drupal/web/modules/contrib/migrate_islandora_csv/data-cmu/images/thistle/1982/page_17.jpg,thistle 1982 page 17,,page 17 of thistle 1982,1982
/var/www/html/drupal/web/modules/contrib/migrate_islandora_csv/data-cmu/images/thistle/1982/page_18.jpg,thistle 1982 page 18,,page 18 of thistle 1982,1982
/var/www/html/drupal/web/modules/contrib/migrate_islandora_csv/data-cmu/images/thistle/1982/page_19.jpg,thistle 1982 page 19,,page 19 of thistle 1982,1982
/var/www/html/drupal/web/modules/contrib/migrate_islandora_csv/data-cmu/images/thistle/1982/page_20.jpg,thistle 1982 page 20,,page 20 of thistle 1982,1982
/var/www/html/drupal/web/modules/contrib/migrate_islandora_csv/data-cmu/images/thistle/1982/page_21.jpg,thistle 1982 page 21,,page 21 of thistle 1982,1982
/var/www/html/drupal/web/modules/contrib/migrate_islandora_csv/data-cmu/images/thistle/1982/page_22.jpg,thistle 1982 page 22,,page 22 of thistle 1982,1982
/var/www/html/drupal/web/modules/contrib/migrate_islandora_csv/data-cmu/images/thistle/1982/page_23.jpg,thistle 1982 page 23,,page 23 of thistle 1982,1982
/var/www/html/drupal/web/modules/contrib/migrate_islandora_csv/data-cmu/images/thistle/1982/page_24.jpg,thistle 1982 page 24,,page 24 of thistle 1982,1982
/var/www/html/drupal/web/modules/contrib/migrate_islandora_csv/data-cmu/images/thistle/1982/page_25.jpg,thistle 1982 page 25,,page 25 of thistle 1982,1982
/var/www/html/drupal/web/modules/contrib/migrate_islandora_csv/data-cmu/images/thistle/1982/page_26.jpg,thistle 1982 page 26,,page 26 of thistle 1982,1982
/var/www/html/drupal/web/modules/contrib/migrate_islandora_csv/data-cmu/images/thistle/1982/page_27.jpg,thistle 1982 page 27,,page 27 of thistle 1982,1982
/var/www/html/drupal/web/modules/contrib/migrate_islandora_csv/data-cmu/images/thistle/1982/page_28.jpg,thistle 1982 page 28,,page 28 of thistle 1982,1982
/var/www/html/drupal/web/modules/contrib/migrate_islandora_csv/data-cmu/images/thistle/1982/page_29.jpg,thistle 1982 page 29,,page 29 of thistle 1982,1982
/var/www/html/drupal/web/modules/contrib/migrate_islandora_csv/data-cmu/images/thistle/1982/page_30.jpg,thistle 1982 page 30,,page 30 of thistle 1982,1982
/var/www/html/drupal/web/modules/contrib/migrate_islandora_csv/data-cmu/images/thistle/1982/page_31.jpg,thistle 1982 page 31,,page 31 of thistle 1982,1982
/var/www/html/drupal/web/modules/contrib/migrate_islandora_csv/data-cmu/images/thistle/1982/page_32.jpg,thistle 1982 page 32,,page 32 of thistle 1982,1982
/var/www/html/drupal/web/modules/contrib/migrate_islandora_csv/data-cmu/images/thistle/1982/page_33.jpg,thistle 1982 page 33,,page 33 of thistle 1982,1982
/var/www/html/drupal/web/modules/contrib/migrate_islandora_csv/data-cmu/images/thistle/1982/page_34.jpg,thistle 1982 page 34,,page 34 of thistle 1982,1982
/var/www/html/drupal/web/modules/contrib/migrate_islandora_csv/data-cmu/images/thistle/1982/page_35.jpg,thistle 1982 page 35,,page 35 of thistle 1982,1982
/var/www/html/drupal/web/modules/contrib/migrate_islandora_csv/data-cmu/images/thistle/1982/page_36.jpg,thistle 1982 page 36,,page 36 of thistle 1982,1982
/var/www/html/drupal/web/modules/contrib/migrate_islandora_csv/data-cmu/images/thistle/1982/page_37.jpg,thistle 1982 page 37,,page 37 of thistle 1982,1982
/var/www/html/drupal/web/modules/contrib/migrate_islandora_csv/data-cmu/images/thistle/1982/page_38.jpg,thistle 1982 page 38,,page 38 of thistle 1982,1982
/var/www/html/drupal/web/modules/contrib/migrate_islandora_csv/data-cmu/images/thistle/1982/page_39.jpg,thistle 1982 page 39,,page 39 of thistle 1982,1982
/var/www/html/drupal/web/modules/contrib/migrate_islandora_csv/data-cmu/images/thistle/1982/page_40.jpg,thistle 1982 page 40,,page 40 of thistle 1982,1982
/var/www/html/drupal/web/modules/contrib/migrate_islandora_csv/data-cmu/images/thistle/1982/page_41.jpg,thistle 1982 page 41,,page 41 of thistle 1982,1982
/var/www/html/drupal/web/modules/contrib/migrate_islandora_csv/data-cmu/images/thistle/1982/page_42.jpg,thistle 1982 page 42,,page 42 of thistle 1982,1982
/var/www/html/drupal/web/modules/contrib/migrate_islandora_csv/data-cmu/images/thistle/1982/page_43.jpg,thistle 1982 page 43,,page 43 of thistle 1982,1982
/var/www/html/drupal/web/modules/contrib/migrate_islandora_csv/data-cmu/images/thistle/1982/page_44.jpg,thistle 1982 page 44,,page 44 of thistle 1982,1982
/var/www/html/drupal/web/modules/contrib/migrate_islandora_csv/data-cmu/images/thistle/1982/page_45.jpg,thistle 1982 page 45,,page 45 of thistle 1982,1982
/var/www/html/drupal/web/modules/contrib/migrate_islandora_csv/data-cmu/images/thistle/1982/page_46.jpg,thistle 1982 page 46,,page 46 of thistle 1982,1982
/var/www/html/drupal/web/modules/contrib/migrate_islandora_csv/data-cmu/images/thistle/1982/page_47.jpg,thistle 1982 page 47,,page 47 of thistle 1982,1982
/var/www/html/drupal/web/modules/contrib/migrate_islandora_csv/data-cmu/images/thistle/1982/page_48.jpg,thistle 1982 page 48,,page 48 of thistle 1982,1982
/var/www/html/drupal/web/modules/contrib/migrate_islandora_csv/data-cmu/images/thistle/1982/page_49.jpg,thistle 1982 page 49,,page 49 of thistle 1982,1982
/var/www/html/drupal/web/modules/contrib/migrate_islandora_csv/data-cmu/images/thistle/1982/page_50.jpg,thistle 1982 page 50,,page 50 of thistle 1982,1982
/var/www/html/drupal/web/modules/contrib/migrate_islandora_csv/data-cmu/images/thistle/1982/page_51.jpg,thistle 1982 page 51,,page 51 of thistle 1982,1982
/var/www/html/drupal/web/modules/contrib/migrate_islandora_csv/data-cmu/images/thistle/1982/page_52.jpg,thistle 1982 page 52,,page 52 of thistle 1982,1982
/var/www/html/drupal/web/modules/contrib/migrate_islandora_csv/data-cmu/images/thistle/1982/page_53.jpg,thistle 1982 page 53,,page 53 of thistle 1982,1982
/var/www/html/drupal/web/modules/contrib/migrate_islandora_csv/data-cmu/images/thistle/1982/page_54.jpg,thistle 1982 page 54,,page 54 of thistle 1982,1982
/var/www/html/drupal/web/modules/contrib/migrate_islandora_csv/data-cmu/images/thistle/1982/page_55.jpg,thistle 1982 page 55,,page 55 of thistle 1982,1982
/var/www/html/drupal/web/modules/contrib/migrate_islandora_csv/data-cmu/images/thistle/1982/page_56.jpg,thistle 1982 page 56,,page 56 of thistle 1982,1982
/var/www/html/drupal/web/modules/contrib/migrate_islandora_csv/data-cmu/images/thistle/1982/page_57.jpg,thistle 1982 page 57,,page 57 of thistle 1982,1982
/var/www/html/drupal/web/modules/contrib/migrate_islandora_csv/data-cmu/images/thistle/1982/page_58.jpg,thistle 1982 page 58,,page 58 of thistle 1982,1982
/var/www/html/drupal/web/modules/contrib/migrate_islandora_csv/data-cmu/images/thistle/1982/page_59.jpg,thistle 1982 page 59,,page 59 of thistle 1982,1982
/var/www/html/drupal/web/modules/contrib/migrate_islandora_csv/data-cmu/images/thistle/1982/page_60.jpg,thistle 1982 page 60,,page 60 of thistle 1982,1982
/var/www/html/drupal/web/modules/contrib/migrate_islandora_csv/data-cmu/images/thistle/1982/page_61.jpg,thistle 1982 page 61,,page 61 of thistle 1982,1982
/var/www/html/drupal/web/modules/contrib/migrate_islandora_csv/data-cmu/images/thistle/1982/page_62.jpg,thistle 1982 page 62,,page 62 of thistle 1982,1982
/var/www/html/drupal/web/modules/contrib/migrate_islandora_csv/data-cmu/images/thistle/1982/page_63.jpg,thistle 1982 page 63,,page 63 of thistle 1982,1982
/var/www/html/drupal/web/modules/contrib/migrate_islandora_csv/data-cmu/images/thistle/1982/page_64.jpg,thistle 1982 page 64,,page 64 of thistle 1982,1982
/var/www/html/drupal/web/modules/contrib/migrate_islandora_csv/data-cmu/images/thistle/1982/page_65.jpg,thistle 1982 page 65,,page 65 of thistle 1982,1982
/var/www/html/drupal/web/modules/contrib/migrate_islandora_csv/data-cmu/images/thistle/1982/page_66.jpg,thistle 1982 page 66,,page 66 of thistle 1982,1982
/var/www/html/drupal/web/modules/contrib/migrate_islandora_csv/data-cmu/images/thistle/1982/page_67.jpg,thistle 1982 page 67,,page 67 of thistle 1982,1982
/var/www/html/drupal/web/modules/contrib/migrate_islandora_csv/data-cmu/images/thistle/1982/page_68.jpg,thistle 1982 page 68,,page 68 of thistle 1982,1982
/var/www/html/drupal/web/modules/contrib/migrate_islandora_csv/data-cmu/images/thistle/1982/page_69.jpg,thistle 1982 page 69,,page 69 of thistle 1982,1982
/var/www/html/drupal/web/modules/contrib/migrate_islandora_csv/data-cmu/images/thistle/1982/page_70.jpg,thistle 1982 page 70,,page 70 of thistle 1982,1982
/var/www/html/drupal/web/modules/contrib/migrate_islandora_csv/data-cmu/images/thistle/1982/page_71.jpg,thistle 1982 page 71,,page 71 of thistle 1982,1982
/var/www/html/drupal/web/modules/contrib/migrate_islandora_csv/data-cmu/images/thistle/1982/page_72.jpg,thistle 1982 page 72,,page 72 of thistle 1982,1982
/var/www/html/drupal/web/modules/contrib/migrate_islandora_csv/data-cmu/images/thistle/1982/page_73.jpg,thistle 1982 page 73,,page 73 of thistle 1982,1982
/var/www/html/drupal/web/modules/contrib/migrate_islandora_csv/data-cmu/images/thistle/1982/page_74.jpg,thistle 1982 page 74,,page 74 of thistle 1982,1982
/var/www/html/drupal/web/modules/contrib/migrate_islandora_csv/data-cmu/images/thistle/1982/page_75.jpg,thistle 1982 page 75,,page 75 of thistle 1982,1982
/var/www/html/drupal/web/modules/contrib/migrate_islandora_csv/data-cmu/images/thistle/1982/page_76.jpg,thistle 1982 page 76,,page 76 of thistle 1982,1982
/var/www/html/drupal/web/modules/contrib/migrate_islandora_csv/data-cmu/images/thistle/1982/page_77.jpg,thistle 1982 page 77,,page 77 of thistle 1982,1982
/var/www/html/drupal/web/modules/contrib/migrate_islandora_csv/data-cmu/images/thistle/1982/page_78.jpg,thistle 1982 page 78,,page 78 of thistle 1982,1982
/var/www/html/drupal/web/modules/contrib/migrate_islandora_csv/data-cmu/images/thistle/1982/page_79.jpg,thistle 1982 page 79,,page 79 of thistle 1982,1982
/var/www/html/drupal/web/modules/contrib/migrate_islandora_csv/data-cmu/images/thistle/1982/page_80.jpg,thistle 1982 page 80,,page 80 of thistle 1982,1982
/var/www/html/drupal/web/modules/contrib/migrate_islandora_csv/data-cmu/images/thistle/1982/page_81.jpg,thistle 1982 page 81,,page 81 of thistle 1982,1982
/var/www/html/drupal/web/modules/contrib/migrate_islandora_csv/data-cmu/images/thistle/1982/page_82.jpg,thistle 1982 page 82,,page 82 of thistle 1982,1982
/var/www/html/drupal/web/modules/contrib/migrate_islandora_csv/data-cmu/images/thistle/1982/page_83.jpg,thistle 1982 page 83,,page 83 of thistle 1982,1982
/var/www/html/drupal/web/modules/contrib/migrate_islandora_csv/data-cmu/images/thistle/1982/page_84.jpg,thistle 1982 page 84,,page 84 of thistle 1982,1982
/var/www/html/drupal/web/modules/contrib/migrate_islandora_csv/data-cmu/images/thistle/1982/page_85.jpg,thistle 1982 page 85,,page 85 of thistle 1982,1982
/var/www/html/drupal/web/modules/contrib/migrate_islandora_csv/data-cmu/images/thistle/1982/page_86.jpg,thistle 1982 page 86,,page 86 of thistle 1982,1982
/var/www/html/drupal/web/modules/contrib/migrate_islandora_csv/data-cmu/images/thistle/1982/page_87.jpg,thistle 1982 page 87,,page 87 of thistle 1982,1982
/var/www/html/drupal/web/modules/contrib/migrate_islandora_csv/data-cmu/images/thistle/1982/page_88.jpg,thistle 1982 page 88,,page 88 of thistle 1982,1982
/var/www/html/drupal/web/modules/contrib/migrate_islandora_csv/data-cmu/images/thistle/1982/page_89.jpg,thistle 1982 page 89,,page 89 of thistle 1982,1982
/var/www/html/drupal/web/modules/contrib/migrate_islandora_csv/data-cmu/images/thistle/1982/page_90.jpg,thistle 1982 page 90,,page 90 of thistle 1982,1982
/var/www/html/drupal/web/modules/contrib/migrate_islandora_csv/data-cmu/images/thistle/1982/page_91.jpg,thistle 1982 page 91,,page 91 of thistle 1982,1982
/var/www/html/drupal/web/modules/contrib/migrate_islandora_csv/data-cmu/images/thistle/1982/page_92.jpg,thistle 1982 page 92,,page 92 of thistle 1982,1982
/var/www/html/drupal/web/modules/contrib/migrate_islandora_csv/data-cmu/images/thistle/1982/page_93.jpg,thistle 1982 page 93,,page 93 of thistle 1982,1982
/var/www/html/drupal/web/modules/contrib/migrate_islandora_csv/data-cmu/images/thistle/1982/page_94.jpg,thistle 1982 page 94,,page 94 of thistle 1982,1982
/var/www/html/drupal/web/modules/contrib/migrate_islandora_csv/data-cmu/images/thistle/1982/page_95.jpg,thistle 1982 page 95,,page 95 of thistle 1982,1982
/var/www/html/drupal/web/modules/contrib/migrate_islandora_csv/data-cmu/images/thistle/1982/page_96.jpg,thistle 1982 page 96,,page 96 of thistle 1982,1982
/var/www/html/drupal/web/modules/contrib/migrate_islandora_csv/data-cmu/images/thistle/1982/page_97.jpg,thistle 1982 page 97,,page 97 of thistle 1982,1982
/var/www/html/drupal/web/modules/contrib/migrate_islandora_csv/data-cmu/images/thistle/1982/page_98.jpg,thistle 1982 page 98,,page 98 of thistle 1982,1982
/var/www/html/drupal/web/modules/contrib/migrate_islandora_csv/data-cmu/images/thistle/1982/page_99.jpg,thistle 1982 page 99,,page 99 of thistle 1982,1982
/var/www/html/drupal/web/modules/contrib/migrate_islandora_csv/data-cmu/images/thistle/1982/page_100.jpg,thistle 1982 page 100,,page 100 of thistle 1982,1982
/var/www/html/drupal/web/modules/contrib/migrate_islandora_csv/data-cmu/images/thistle/1982/page_101.jpg,thistle 1982 page 101,,page 101 of thistle 1982,1982
/var/www/html/drupal/web/modules/contrib/migrate_islandora_csv/data-cmu/images/thistle/1982/page_102.jpg,thistle 1982 page 102,,page 102 of thistle 1982,1982
/var/www/html/drupal/web/modules/contrib/migrate_islandora_csv/data-cmu/images/thistle/1982/page_103.jpg,thistle 1982 page 103,,page 103 of thistle 1982,1982
/var/www/html/drupal/web/modules/contrib/migrate_islandora_csv/data-cmu/images/thistle/1982/page_104.jpg,thistle 1982 page 104,,page 104 of thistle 1982,1982
/var/www/html/drupal/web/modules/contrib/migrate_islandora_csv/data-cmu/images/thistle/1982/page_105.jpg,thistle 1982 page 105,,page 105 of thistle 1982,1982
/var/www/html/drupal/web/modules/contrib/migrate_islandora_csv/data-cmu/images/thistle/1982/page_106.jpg,thistle 1982 page 106,,page 106 of thistle 1982,1982
/var/www/html/drupal/web/modules/contrib/migrate_islandora_csv/data-cmu/images/thistle/1982/page_107.jpg,thistle 1982 page 107,,page 107 of thistle 1982,1982
/var/www/html/drupal/web/modules/contrib/migrate_islandora_csv/data-cmu/images/thistle/1982/page_108.jpg,thistle 1982 page 108,,page 108 of thistle 1982,1982
/var/www/html/drupal/web/modules/contrib/migrate_islandora_csv/data-cmu/images/thistle/1982/page_109.jpg,thistle 1982 page 109,,page 109 of thistle 1982,1982
/var/www/html/drupal/web/modules/contrib/migrate_islandora_csv/data-cmu/images/thistle/1982/page_110.jpg,thistle 1982 page 110,,page 110 of thistle 1982,1982
/var/www/html/drupal/web/modules/contrib/migrate_islandora_csv/data-cmu/images/thistle/1982/page_111.jpg,thistle 1982 page 111,,page 111 of thistle 1982,1982
/var/www/html/drupal/web/modules/contrib/migrate_islandora_csv/data-cmu/images/thistle/1982/page_112.jpg,thistle 1982 page 112,,page 112 of thistle 1982,1982
/var/www/html/drupal/web/modules/contrib/migrate_islandora_csv/data-cmu/images/thistle/1982/page_113.jpg,thistle 1982 page 113,,page 113 of thistle 1982,1982
/var/www/html/drupal/web/modules/contrib/migrate_islandora_csv/data-cmu/images/thistle/1982/page_114.jpg,thistle 1982 page 114,,page 114 of thistle 1982,1982
/var/www/html/drupal/web/modules/contrib/migrate_islandora_csv/data-cmu/images/thistle/1982/page_115.jpg,thistle 1982 page 115,,page 115 of thistle 1982,1982
/var/www/html/drupal/web/modules/contrib/migrate_islandora_csv/data-cmu/images/thistle/1982/page_116.jpg,thistle 1982 page 116,,page 116 of thistle 1982,1982
/var/www/html/drupal/web/modules/contrib/migrate_islandora_csv/data-cmu/images/thistle/1982/page_117.jpg,thistle 1982 page 117,,page 117 of thistle 1982,1982
/var/www/html/drupal/web/modules/contrib/migrate_islandora_csv/data-cmu/images/thistle/1982/page_118.jpg,thistle 1982 page 118,,page 118 of thistle 1982,1982
/var/www/html/drupal/web/modules/contrib/migrate_islandora_csv/data-cmu/images/thistle/1982/page_119.jpg,thistle 1982 page 119,,page 119 of thistle 1982,1982
/var/www/html/drupal/web/modules/contrib/migrate_islandora_csv/data-cmu/images/thistle/1982/page_120.jpg,thistle 1982 page 120,,page 120 of thistle 1982,1982
/var/www/html/drupal/web/modules/contrib/migrate_islandora_csv/data-cmu/images/thistle/1982/page_121.jpg,thistle 1982 page 121,,page 121 of thistle 1982,1982
/var/www/html/drupal/web/modules/contrib/migrate_islandora_csv/data-cmu/images/thistle/1982/page_122.jpg,thistle 1982 page 122,,page 122 of thistle 1982,1982
/var/www/html/drupal/web/modules/contrib/migrate_islandora_csv/data-cmu/images/thistle/1982/page_123.jpg,thistle 1982 page 123,,page 123 of thistle 1982,1982
/var/www/html/drupal/web/modules/contrib/migrate_islandora_csv/data-cmu/images/thistle/1982/page_124.jpg,thistle 1982 page 124,,page 124 of thistle 1982,1982
/var/www/html/drupal/web/modules/contrib/migrate_islandora_csv/data-cmu/images/thistle/1982/page_125.jpg,thistle 1982 page 125,,page 125 of thistle 1982,1982
/var/www/html/drupal/web/modules/contrib/migrate_islandora_csv/data-cmu/images/thistle/1982/page_126.jpg,thistle 1982 page 126,,page 126 of thistle 1982,1982
/var/www/html/drupal/web/modules/contrib/migrate_islandora_csv/data-cmu/images/thistle/1982/page_127.jpg,thistle 1982 page 127,,page 127 of thistle 1982,1982
/var/www/html/drupal/web/modules/contrib/migrate_islandora_csv/data-cmu/images/thistle/1982/page_128.jpg,thistle 1982 page 128,,page 128 of thistle 1982,1982
/var/www/html/drupal/web/modules/contrib/migrate_islandora_csv/data-cmu/images/thistle/1982/page_129.jpg,thistle 1982 page 129,,page 129 of thistle 1982,1982
/var/www/html/drupal/web/modules/contrib/migrate_islandora_csv/data-cmu/images/thistle/1982/page_130.jpg,thistle 1982 page 130,,page 130 of thistle 1982,1982
/var/www/html/drupal/web/modules/contrib/migrate_islandora_csv/data-cmu/images/thistle/1982/page_131.jpg,thistle 1982 page 131,,page 131 of thistle 1982,1982
/var/www/html/drupal/web/modules/contrib/migrate_islandora_csv/data-cmu/images/thistle/1982/page_132.jpg,thistle 1982 page 132,,page 132 of thistle 1982,1982
/var/www/html/drupal/web/modules/contrib/migrate_islandora_csv/data-cmu/images/thistle/1982/page_133.jpg,thistle 1982 page 133,,page 133 of thistle 1982,1982
/var/www/html/drupal/web/modules/contrib/migrate_islandora_csv/data-cmu/images/thistle/1982/page_134.jpg,thistle 1982 page 134,,page 134 of thistle 1982,1982
/var/www/html/drupal/web/modules/contrib/migrate_islandora_csv/data-cmu/images/thistle/1982/page_135.jpg,thistle 1982 page 135,,page 135 of thistle 1982,1982
/var/www/html/drupal/web/modules/contrib/migrate_islandora_csv/data-cmu/images/thistle/1982/page_136.jpg,thistle 1982 page 136,,page 136 of thistle 1982,1982
/var/www/html/drupal/web/modules/contrib/migrate_islandora_csv/data-cmu/images/thistle/1982/page_137.jpg,thistle 1982 page 137,,page 137 of thistle 1982,1982
/var/www/html/drupal/web/modules/contrib/migrate_islandora_csv/data-cmu/images/thistle/1982/page_138.jpg,thistle 1982 page 138,,page 138 of thistle 1982,1982
/var/www/html/drupal/web/modules/contrib/migrate_islandora_csv/data-cmu/images/thistle/1982/page_139.jpg,thistle 1982 page 139,,page 139 of thistle 1982,1982
/var/www/html/drupal/web/modules/contrib/migrate_islandora_csv/data-cmu/images/thistle/1982/page_140.jpg,thistle 1982 page 140,,page 140 of thistle 1982,1982
/var/www/html/drupal/web/modules/contrib/migrate_islandora_csv/data-cmu/images/thistle/1982/page_141.jpg,thistle 1982 page 141,,page 141 of thistle 1982,1982
/var/www/html/drupal/web/modules/contrib/migrate_islandora_csv/data-cmu/images/thistle/1982/page_142.jpg,thistle 1982 page 142,,page 142 of thistle 1982,1982
/var/www/html/drupal/web/modules/contrib/migrate_islandora_csv/data-cmu/images/thistle/1982/page_143.jpg,thistle 1982 page 143,,page 143 of thistle 1982,1982
/var/www/html/drupal/web/modules/contrib/migrate_islandora_csv/data-cmu/images/thistle/1982/page_144.jpg,thistle 1982 page 144,,page 144 of thistle 1982,1982
/var/www/html/drupal/web/modules/contrib/migrate_islandora_csv/data-cmu/images/thistle/1982/page_145.jpg,thistle 1982 page 145,,page 145 of thistle 1982,1982
/var/www/html/drupal/web/modules/contrib/migrate_islandora_csv/data-cmu/images/thistle/1982/page_146.jpg,thistle 1982 page 146,,page 146 of thistle 1982,1982
/var/www/html/drupal/web/modules/contrib/migrate_islandora_csv/data-cmu/images/thistle/1982/page_147.jpg,thistle 1982 page 147,,page 147 of thistle 1982,1982
/var/www/html/drupal/web/modules/contrib/migrate_islandora_csv/data-cmu/images/thistle/1982/page_148.jpg,thistle 1982 page 148,,page 148 of thistle 1982,1982
/var/www/html/drupal/web/modules/contrib/migrate_islandora_csv/data-cmu/images/thistle/1982/page_149.jpg,thistle 1982 page 149,,page 149 of thistle 1982,1982
/var/www/html/drupal/web/modules/contrib/migrate_islandora_csv/data-cmu/images/thistle/1982/page_150.jpg,thistle 1982 page 150,,page 150 of thistle 1982,1982
/var/www/html/drupal/web/modules/contrib/migrate_islandora_csv/data-cmu/images/thistle/1982/page_151.jpg,thistle 1982 page 151,,page 151 of thistle 1982,1982
/var/www/html/drupal/web/modules/contrib/migrate_islandora_csv/data-cmu/images/thistle/1982/page_152.jpg,thistle 1982 page 152,,page 152 of thistle 1982,1982
/var/www/html/drupal/web/modules/contrib/migrate_islandora_csv/data-cmu/images/thistle/1982/page_153.jpg,thistle 1982 page 153,,page 153 of thistle 1982,1982
/var/www/html/drupal/web/modules/contrib/migrate_islandora_csv/data-cmu/images/thistle/1982/page_154.jpg,thistle 1982 page 154,,page 154 of thistle 1982,1982
/var/www/html/drupal/web/modules/contrib/migrate_islandora_csv/data-cmu/images/thistle/1982/page_155.jpg,thistle 1982 page 155,,page 155 of thistle 1982,1982
/var/www/html/drupal/web/modules/contrib/migrate_islandora_csv/data-cmu/images/thistle/1982/page_156.jpg,thistle 1982 page 156,,page 156 of thistle 1982,1982
/var/www/html/drupal/web/modules/contrib/migrate_islandora_csv/data-cmu/images/thistle/1982/page_157.jpg,thistle 1982 page 157,,page 157 of thistle 1982,1982
/var/www/html/drupal/web/modules/contrib/migrate_islandora_csv/data-cmu/images/thistle/1982/page_158.jpg,thistle 1982 page 158,,page 158 of thistle 1982,1982
/var/www/html/drupal/web/modules/contrib/migrate_islandora_csv/data-cmu/images/thistle/1982/page_159.jpg,thistle 1982 page 159,,page 159 of thistle 1982,1982
/var/www/html/drupal/web/modules/contrib/migrate_islandora_csv/data-cmu/images/thistle/1982/page_160.jpg,thistle 1982 page 160,,page 160 of thistle 1982,1982
/var/www/html/drupal/web/modules/contrib/migrate_islandora_csv/data-cmu/images/thistle/1982/page_161.jpg,thistle 1982 page 161,,page 161 of thistle 1982,1982
/var/www/html/drupal/web/modules/contrib/migrate_islandora_csv/data-cmu/images/thistle/1982/page_162.jpg,thistle 1982 page 162,,page 162 of thistle 1982,1982
/var/www/html/drupal/web/modules/contrib/migrate_islandora_csv/data-cmu/images/thistle/1982/page_163.jpg,thistle 1982 page 163,,page 163 of thistle 1982,1982
/var/www/html/drupal/web/modules/contrib/migrate_islandora_csv/data-cmu/images/thistle/1982/page_164.jpg,thistle 1982 page 164,,page 164 of thistle 1982,1982
/var/www/html/drupal/web/modules/contrib/migrate_islandora_csv/data-cmu/images/thistle/1982/page_165.jpg,thistle 1982 page 165,,page 165 of thistle 1982,1982
/var/www/html/drupal/web/modules/contrib/migrate_islandora_csv/data-cmu/images/thistle/1982/page_166.jpg,thistle 1982 page 166,,page 166 of thistle 1982,1982
/var/www/html/drupal/web/modules/contrib/migrate_islandora_csv/data-cmu/images/thistle/1982/page_167.jpg,thistle 1982 page 167,,page 167 of thistle 1982,1982
/var/www/html/drupal/web/modules/contrib/migrate_islandora_csv/data-cmu/images/thistle/1982/page_168.jpg,thistle 1982 page 168,,page 168 of thistle 1982,1982
/var/www/html/drupal/web/modules/contrib/migrate_islandora_csv/data-cmu/images/thistle/1982/page_169.jpg,thistle 1982 page 169,,page 169 of thistle 1982,1982
/var/www/html/drupal/web/modules/contrib/migrate_islandora_csv/data-cmu/images/thistle/1982/page_170.jpg,thistle 1982 page 170,,page 170 of thistle 1982,1982
/var/www/html/drupal/web/modules/contrib/migrate_islandora_csv/data-cmu/images/thistle/1982/page_171.jpg,thistle 1982 page 171,,page 171 of thistle 1982,1982
/var/www/html/drupal/web/modules/contrib/migrate_islandora_csv/data-cmu/images/thistle/1982/page_172.jpg,thistle 1982 page 172,,page 172 of thistle 1982,1982
/var/www/html/drupal/web/modules/contrib/migrate_islandora_csv/data-cmu/images/thistle/1982/page_173.jpg,thistle 1982 page 173,,page 173 of thistle 1982,1982
/var/www/html/drupal/web/modules/contrib/migrate_islandora_csv/data-cmu/images/thistle/1982/page_174.jpg,thistle 1982 page 174,,page 174 of thistle 1982,1982
/var/www/html/drupal/web/modules/contrib/migrate_islandora_csv/data-cmu/images/thistle/1982/page_175.jpg,thistle 1982 page 175,,page 175 of thistle 1982,1982
/var/www/html/drupal/web/modules/contrib/migrate_islandora_csv/data-cmu/images/thistle/1982/page_176.jpg,thistle 1982 page 176,,page 176 of thistle 1982,1982
/var/www/html/drupal/web/modules/contrib/migrate_islandora_csv/data-cmu/images/thistle/1982/page_177.jpg,thistle 1982 page 177,,page 177 of thistle 1982,1982
/var/www/html/drupal/web/modules/contrib/migrate_islandora_csv/data-cmu/images/thistle/1982/page_178.jpg,thistle 1982 page 178,,page 178 of thistle 1982,1982
/var/www/html/drupal/web/modules/contrib/migrate_islandora_csv/data-cmu/images/thistle/1982/page_179.jpg,thistle 1982 page 179,,page 179 of thistle 1982,1982
/var/www/html/drupal/web/modules/contrib/migrate_islandora_csv/data-cmu/images/thistle/1982/page_180.jpg,thistle 1982 page 180,,page 180 of thistle 1982,1982
/var/www/html/drupal/web/modules/contrib/migrate_islandora_csv/data-cmu/images/thistle/1982/page_181.jpg,thistle 1982 page 181,,page 181 of thistle 1982,1982
/var/www/html/drupal/web/modules/contrib/migrate_islandora_csv/data-cmu/images/thistle/1982/page_182.jpg,thistle 1982 page 182,,page 182 of thistle 1982,1982
/var/www/html/drupal/web/modules/contrib/migrate_islandora_csv/data-cmu/images/thistle/1982/page_183.jpg,thistle 1982 page 183,,page 183 of thistle 1982,1982
/var/www/html/drupal/web/modules/contrib/migrate_islandora_csv/data-cmu/images/thistle/1982/page_184.jpg,thistle 1982 page 184,,page 184 of thistle 1982,1982
/var/www/html/drupal/web/modules/contrib/migrate_islandora_csv/data-cmu/images/thistle/1982/page_185.jpg,thistle 1982 page 185,,page 185 of thistle 1982,1982
/var/www/html/drupal/web/modules/contrib/migrate_islandora_csv/data-cmu/images/thistle/1982/page_186.jpg,thistle 1982 page 186,,page 186 of thistle 1982,1982
/var/www/html/drupal/web/modules/contrib/migrate_islandora_csv/data-cmu/images/thistle/1982/page_187.jpg,thistle 1982 page 187,,page 187 of thistle 1982,1982
/var/www/html/drupal/web/modules/contrib/migrate_islandora_csv/data-cmu/images/thistle/1982/page_188.jpg,thistle 1982 page 188,,page 188 of thistle 1982,1982
/var/www/html/drupal/web/modules/contrib/migrate_islandora_csv/data-cmu/images/thistle/1982/page_189.jpg,thistle 1982 page 189,,page 189 of thistle 1982,1982
/var/www/html/drupal/web/modules/contrib/migrate_islandora_csv/data-cmu/images/thistle/1982/page_190.jpg,thistle 1982 page 190,,page 190 of thistle 1982,1982
/var/www/html/drupal/web/modules/contrib/migrate_islandora_csv/data-cmu/images/thistle/1982/page_191.jpg,thistle 1982 page 191,,page 191 of thistle 1982,1982
/var/www/html/drupal/web/modules/contrib/migrate_islandora_csv/data-cmu/images/thistle/1982/page_192.jpg,thistle 1982 page 192,,page 192 of thistle 1982,1982
/var/www/html/drupal/web/modules/contrib/migrate_islandora_csv/data-cmu/images/thistle/1982/page_193.jpg,thistle 1982 page 193,,page 193 of thistle 1982,1982
/var/www/html/drupal/web/modules/contrib/migrate_islandora_csv/data-cmu/images/thistle/1982/page_194.jpg,thistle 1982 page 194,,page 194 of thistle 1982,1982
/var/www/html/drupal/web/modules/contrib/migrate_islandora_csv/data-cmu/images/thistle/1982/page_195.jpg,thistle 1982 page 195,,page 195 of thistle 1982,1982
/var/www/html/drupal/web/modules/contrib/migrate_islandora_csv/data-cmu/images/thistle/1982/page_196.jpg,thistle 1982 page 196,,page 196 of thistle 1982,1982
/var/www/html/drupal/web/modules/contrib/migrate_islandora_csv/data-cmu/images/thistle/1982/page_197.jpg,thistle 1982 page 197,,page 197 of thistle 1982,1982
/var/www/html/drupal/web/modules/contrib/migrate_islandora_csv/data-cmu/images/thistle/1982/page_198.jpg,thistle 1982 page 198,,page 198 of thistle 1982,1982
/var/www/html/drupal/web/modules/contrib/migrate_islandora_csv/data-cmu/images/thistle/1982/page_199.jpg,thistle 1982 page 199,,page 199 of thistle 1982,1982
/var/www/html/drupal/web/modules/contrib/migrate_islandora_csv/data-cmu/images/thistle/1982/page_200.jpg,thistle 1982 page 200,,page 200 of thistle 1982,1982
/var/www/html/drupal/web/modules/contrib/migrate_islandora_csv/data-cmu/images/thistle/1982/page_201.jpg,thistle 1982 page 201,,page 201 of thistle 1982,1982
/var/www/html/drupal/web/modules/contrib/migrate_islandora_csv/data-cmu/images/thistle/1982/page_202.jpg,thistle 1982 page 202,,page 202 of thistle 1982,1982
/var/www/html/drupal/web/modules/contrib/migrate_islandora_csv/data-cmu/images/thistle/1982/page_203.jpg,thistle 1982 page 203,,page 203 of thistle 1982,1982
/var/www/html/drupal/web/modules/contrib/migrate_islandora_csv/data-cmu/images/thistle/1982/page_204.jpg,thistle 1982 page 204,,page 204 of thistle 1982,1982
/var/www/html/drupal/web/modules/contrib/migrate_islandora_csv/data-cmu/images/thistle/1982/page_205.jpg,thistle 1982 page 205,,page 205 of thistle 1982,1982
/var/www/html/drupal/web/modules/contrib/migrate_islandora_csv/data-cmu/images/thistle/1982/page_206.jpg,thistle 1982 page 206,,page 206 of thistle 1982,1982
/var/www/html/drupal/web/modules/contrib/migrate_islandora_csv/data-cmu/images/thistle/1982/page_207.jpg,thistle 1982 page 207,,page 207 of thistle 1982,1982
/var/www/html/drupal/web/modules/contrib/migrate_islandora_csv/data-cmu/images/thistle/1982/page_208.jpg,thistle 1982 page 208,,page 208 of thistle 1982,1982
/var/www/html/drupal/web/modules/contrib/migrate_islandora_csv/data-cmu/images/thistle/1982/page_209.jpg,thistle 1982 page 209,,page 209 of thistle 1982,1982
/var/www/html/drupal/web/modules/contrib/migrate_islandora_csv/data-cmu/images/thistle/1982/page_210.jpg,thistle 1982 page 210,,page 210 of thistle 1982,1982
/var/www/html/drupal/web/modules/contrib/migrate_islandora_csv/data-cmu/images/thistle/1982/page_211.jpg,thistle 1982 page 211,,page 211 of thistle 1982,1982
/var/www/html/drupal/web/modules/contrib/migrate_islandora_csv/data-cmu/images/thistle/1982/page_212.jpg,thistle 1982 page 212,,page 212 of thistle 1982,1982
/var/www/html/drupal/web/modules/contrib/migrate_islandora_csv/data-cmu/images/thistle/1982/page_213.jpg,thistle 1982 page 213,,page 213 of thistle 1982,1982
/var/www/html/drupal/web/modules/contrib/migrate_islandora_csv/data-cmu/images/thistle/1982/page_214.jpg,thistle 1982 page 214,,page 214 of thistle 1982,1982
/var/www/html/drupal/web/modules/contrib/migrate_islandora_csv/data-cmu/images/thistle/1982/page_215.jpg,thistle 1982 page 215,,page 215 of thistle 1982,1982
/var/www/html/drupal/web/modules/contrib/migrate_islandora_csv/data-cmu/images/thistle/1982/page_216.jpg,thistle 1982 page 216,,page 216 of thistle 1982,1982
/var/www/html/drupal/web/modules/contrib/migrate_islandora_csv/data-cmu/images/thistle/1982/page_217.jpg,thistle 1982 page 217,,page 217 of thistle 1982,1982
/var/www/html/drupal/web/modules/contrib/migrate_islandora_csv/data-cmu/images/thistle/1982/page_218.jpg,thistle 1982 page 218,,page 218 of thistle 1982,1982
/var/www/html/drupal/web/modules/contrib/migrate_islandora_csv/data-cmu/images/thistle/1982/page_219.jpg,thistle 1982 page 219,,page 219 of thistle 1982,1982
/var/www/html/drupal/web/modules/contrib/migrate_islandora_csv/data-cmu/images/thistle/1982/page_220.jpg,thistle 1982 page 220,,page 220 of thistle 1982,1982
/var/www/html/drupal/web/modules/contrib/migrate_islandora_csv/data-cmu/images/thistle/1982/page_221.jpg,thistle 1982 page 221,,page 221 of thistle 1982,1982
/var/www/html/drupal/web/modules/contrib/migrate_islandora_csv/data-cmu/images/thistle/1982/page_222.jpg,thistle 1982 page 222,,page 222 of thistle 1982,1982
/var/www/html/drupal/web/modules/contrib/migrate_islandora_csv/data-cmu/images/thistle/1982/page_223.jpg,thistle 1982 page 223,,page 223 of thistle 1982,1982
/var/www/html/drupal/web/modules/contrib/migrate_islandora_csv/data-cmu/images/thistle/1982/page_224.jpg,thistle 1982 page 224,,page 224 of thistle 1982,1982
/var/www/html/drupal/web/modules/contrib/migrate_islandora_csv/data-cmu/images/thistle/1982/page_225.jpg,thistle 1982 page 225,,page 225 of thistle 1982,1982
/var/www/html/drupal/web/modules/contrib/migrate_islandora_csv/data-cmu/images/thistle/1982/page_226.jpg,thistle 1982 page 226,,page 226 of thistle 1982,1982
/var/www/html/drupal/web/modules/contrib/migrate_islandora_csv/data-cmu/images/thistle/1982/page_227.jpg,thistle 1982 page 227,,page 227 of thistle 1982,1982
/var/www/html/drupal/web/modules/contrib/migrate_islandora_csv/data-cmu/images/thistle/1982/page_228.jpg,thistle 1982 page 228,,page 228 of thistle 1982,1982
/var/www/html/drupal/web/modules/contrib/migrate_islandora_csv/data-cmu/images/thistle/1982/page_229.jpg,thistle 1982 page 229,,page 229 of thistle 1982,1982
/var/www/html/drupal/web/modules/contrib/migrate_islandora_csv/data-cmu/images/thistle/1982/page_230.jpg,thistle 1982 page 230,,page 230 of thistle 1982,1982
/var/www/html/drupal/web/modules/contrib/migrate_islandora_csv/data-cmu/images/thistle/1982/page_231.jpg,thistle 1982 page 231,,page 231 of thistle 1982,1982
/var/www/html/drupal/web/modules/contrib/migrate_islandora_csv/data-cmu/images/thistle/1982/page_232.jpg,thistle 1982 page 232,,page 232 of thistle 1982,1982
/var/www/html/drupal/web/modules/contrib/migrate_islandora_csv/data-cmu/images/thistle/1982/page_233.jpg,thistle 1982 page 233,,page 233 of thistle 1982,1982
/var/www/html/drupal/web/modules/contrib/migrate_islandora_csv/data-cmu/images/thistle/1982/page_234.jpg,thistle 1982 page 234,,page 234 of thistle 1982,1982
/var/www/html/drupal/web/modules/contrib/migrate_islandora_csv/data-cmu/images/thistle/1982/page_235.jpg,thistle 1982 page 235,,page 235 of thistle 1982,1982
/var/www/html/drupal/web/modules/contrib/migrate_islandora_csv/data-cmu/images/thistle/1982/page_236.jpg,thistle 1982 page 236,,page 236 of thistle 1982,1982
/var/www/html/drupal/web/modules/contrib/migrate_islandora_csv/data-cmu/images/thistle/1982/page_237.jpg,thistle 1982 page 237,,page 237 of thistle 1982,1982
/var/www/html/drupal/web/modules/contrib/migrate_islandora_csv/data-cmu/images/thistle/1982/page_238.jpg,thistle 1982 page 238,,page 238 of thistle 1982,1982
/var/www/html/drupal/web/modules/contrib/migrate_islandora_csv/data-cmu/images/thistle/1982/page_239.jpg,thistle 1982 page 239,,page 239 of thistle 1982,1982
/var/www/html/drupal/web/modules/contrib/migrate_islandora_csv/data-cmu/images/thistle/1982/page_240.jpg,thistle 1982 page 240,,page 240 of thistle 1982,1982
/var/www/html/drupal/web/modules/contrib/migrate_islandora_csv/data-cmu/images/thistle/1982/page_241.jpg,thistle 1982 page 241,,page 241 of thistle 1982,1982
/var/www/html/drupal/web/modules/contrib/migrate_islandora_csv/data-cmu/images/thistle/1982/page_242.jpg,thistle 1982 page 242,,page 242 of thistle 1982,1982
/var/www/html/drupal/web/modules/contrib/migrate_islandora_csv/data-cmu/images/thistle/1982/page_243.jpg,thistle 1982 page 243,,page 243 of thistle 1982,1982
/var/www/html/drupal/web/modules/contrib/migrate_islandora_csv/data-cmu/images/thistle/1982/page_244.jpg,thistle 1982 page 244,,page 244 of thistle 1982,1982
/var/www/html/drupal/web/modules/contrib/migrate_islandora_csv/data-cmu/images/thistle/1982/page_245.jpg,thistle 1982 page 245,,page 245 of thistle 1982,1982
/var/www/html/drupal/web/modules/contrib/migrate_islandora_csv/data-cmu/images/thistle/1982/page_246.jpg,thistle 1982 page 246,,page 246 of thistle 1982,1982
/var/www/html/drupal/web/modules/contrib/migrate_islandora_csv/data-cmu/images/thistle/1982/page_247.jpg,thistle 1982 page 247,,page 247 of thistle 1982,1982
/var/www/html/drupal/web/modules/contrib/migrate_islandora_csv/data-cmu/images/thistle/1982/page_248.jpg,thistle 1982 page 248,,page 248 of thistle 1982,1982
/var/www/html/drupal/web/modules/contrib/migrate_islandora_csv/data-cmu/images/thistle/1982/page_249.jpg,thistle 1982 page 249,,page 249 of thistle 1982,1982
/var/www/html/drupal/web/modules/contrib/migrate_islandora_csv/data-cmu/images/thistle/1982/page_250.jpg,thistle 1982 page 250,,page 250 of thistle 1982,1982
/var/www/html/drupal/web/modules/contrib/migrate_islandora_csv/data-cmu/images/thistle/1982/page_251.jpg,thistle 1982 page 251,,page 251 of thistle 1982,1982
/var/www/html/drupal/web/modules/contrib/migrate_islandora_csv/data-cmu/images/thistle/1982/page_252.jpg,thistle 1982 page 252,,page 252 of thistle 1982,1982
/var/www/html/drupal/web/modules/contrib/migrate_islandora_csv/data-cmu/images/thistle/1982/page_253.jpg,thistle 1982 page 253,,page 253 of thistle 1982,1982
/var/www/html/drupal/web/modules/contrib/migrate_islandora_csv/data-cmu/images/thistle/1982/page_254.jpg,thistle 1982 page 254,,page 254 of thistle 1982,1982
/var/www/html/drupal/web/modules/contrib/migrate_islandora_csv/data-cmu/images/thistle/1982/page_255.jpg,thistle 1982 page 255,,page 255 of thistle 1982,1982
/var/www/html/drupal/web/modules/contrib/migrate_islandora_csv/data-cmu/images/thistle/1982/page_256.jpg,thistle 1982 page 256,,page 256 of thistle 1982,1982
/var/www/html/drupal/web/modules/contrib/migrate_islandora_csv/data-cmu/images/thistle/1982/page_257.jpg,thistle 1982 page 257,,page 257 of thistle 1982,1982
/var/www/html/drupal/web/modules/contrib/migrate_islandora_csv/data-cmu/images/thistle/1982/page_258.jpg,thistle 1982 page 258,,page 258 of thistle 1982,1982
/var/www/html/drupal/web/modules/contrib/migrate_islandora_csv/data-cmu/images/thistle/1982/page_259.jpg,thistle 1982 page 259,,page 259 of thistle 1982,1982
/var/www/html/drupal/web/modules/contrib/migrate_islandora_csv/data-cmu/images/thistle/1982/page_260.jpg,thistle 1982 page 260,,page 260 of thistle 1982,1982
/var/www/html/drupal/web/modules/contrib/migrate_islandora_csv/data-cmu/images/thistle/1982/page_261.jpg,thistle 1982 page 261,,page 261 of thistle 1982,1982
/var/www/html/drupal/web/modules/contrib/migrate_islandora_csv/data-cmu/images/thistle/1982/page_262.jpg,thistle 1982 page 262,,page 262 of thistle 1982,1982
/var/www/html/drupal/web/modules/contrib/migrate_islandora_csv/data-cmu/images/thistle/1982/page_263.jpg,thistle 1982 page 263,,page 263 of thistle 1982,1982
/var/www/html/drupal/web/modules/contrib/migrate_islandora_csv/data-cmu/images/thistle/1982/page_264.jpg,thistle 1982 page 264,,page 264 of thistle 1982,1982
/var/www/html/drupal/web/modules/contrib/migrate_islandora_csv/data-cmu/images/thistle/1982/page_265.jpg,thistle 1982 page 265,,page 265 of thistle 1982,1982
/var/www/html/drupal/web/modules/contrib/migrate_islandora_csv/data-cmu/images/thistle/1982/page_266.jpg,thistle 1982 page 266,,page 266 of thistle 1982,1982
/var/www/html/drupal/web/modules/contrib/migrate_islandora_csv/data-cmu/images/thistle/1982/page_267.jpg,thistle 1982 page 267,,page 267 of thistle 1982,1982
/var/www/html/drupal/web/modules/contrib/migrate_islandora_csv/data-cmu/images/thistle/1982/page_268.jpg,thistle 1982 page 268,,page 268 of thistle 1982,1982
/var/www/html/drupal/web/modules/contrib/migrate_islandora_csv/data-cmu/images/thistle/1982/page_269.jpg,thistle 1982 page 269,,page 269 of thistle 1982,1982
/var/www/html/drupal/web/modules/contrib/migrate_islandora_csv/data-cmu/images/thistle/1982/page_270.jpg,thistle 1982 page 270,,page 270 of thistle 1982,1982
/var/www/html/drupal/web/modules/contrib/migrate_islandora_csv/data-cmu/images/thistle/1982/page_271.jpg,thistle 1982 page 271,,page 271 of thistle 1982,1982
/var/www/html/drupal/web/modules/contrib/migrate_islandora_csv/data-cmu/images/thistle/1982/page_272.jpg,thistle 1982 page 272,,page 272 of thistle 1982,1982
/var/www/html/drupal/web/modules/contrib/migrate_islandora_csv/data-cmu/images/thistle/1982/page_273.jpg,thistle 1982 page 273,,page 273 of thistle 1982,1982
/var/www/html/drupal/web/modules/contrib/migrate_islandora_csv/data-cmu/images/thistle/1982/page_274.jpg,thistle 1982 page 274,,page 274 of thistle 1982,1982
/var/www/html/drupal/web/modules/contrib/migrate_islandora_csv/data-cmu/images/thistle/1982/page_275.jpg,thistle 1982 page 275,,page 275 of thistle 1982,1982
/var/www/html/drupal/web/modules/contrib/migrate_islandora_csv/data-cmu/images/thistle/1982/page_276.jpg,thistle 1982 page 276,,page 276 of thistle 1982,1982
/var/www/html/drupal/web/modules/contrib/migrate_islandora_csv/data-cmu/images/thistle/1982/page_277.jpg,thistle 1982 page 277,,page 277 of thistle 1982,1982
/var/www/html/drupal/web/modules/contrib/migrate_islandora_csv/data-cmu/images/thistle/1982/page_278.jpg,thistle 1982 page 278,,page 278 of thistle 1982,1982
/var/www/html/drupal/web/modules/contrib/migrate_islandora_csv/data-cmu/images/thistle/1982/page_279.jpg,thistle 1982 page 279,,page 279 of thistle 1982,1982
/var/www/html/drupal/web/modules/contrib/migrate_islandora_csv/data-cmu/images/thistle/1982/page_280.jpg,thistle 1982 page 280,,page 280 of thistle 1982,1982
/var/www/html/drupal/web/modules/contrib/migrate_islandora_csv/data-cmu/images/thistle/1982/page_281.jpg,thistle 1982 page 281,,page 281 of thistle 1982,1982
/var/www/html/drupal/web/modules/contrib/migrate_islandora_csv/data-cmu/images/thistle/1982/page_282.jpg,thistle 1982 page 282,,page 282 of thistle 1982,1982
/var/www/html/drupal/web/modules/contrib/migrate_islandora_csv/data-cmu/images/thistle/1982/page_283.jpg,thistle 1982 page 283,,page 283 of thistle 1982,1982
/var/www/html/drupal/web/modules/contrib/migrate_islandora_csv/data-cmu/images/thistle/1982/page_284.jpg,thistle 1982 page 284,,page 284 of thistle 1982,1982
/var/www/html/drupal/web/modules/contrib/migrate_islandora_csv/data-cmu/images/thistle/1982/page_285.jpg,thistle 1982 page 285,,page 285 of thistle 1982,1982
/var/www/html/drupal/web/modules/contrib/migrate_islandora_csv/data-cmu/images/thistle/1982/page_286.jpg,thistle 1982 page 286,,page 286 of thistle 1982,1982
/var/www/html/drupal/web/modules/contrib/migrate_islandora_csv/data-cmu/images/thistle/1982/page_287.jpg,thistle 1982 page 287,,page 287 of thistle 1982,1982
/var/www/html/drupal/web/modules/contrib/migrate_islandora_csv/data-cmu/images/thistle/1982/page_288.jpg,thistle 1982 page 288,,page 288 of thistle 1982,1982
/var/www/html/drupal/web/modules/contrib/migrate_islandora_csv/data-cmu/images/thistle/1982/page_289.jpg,thistle 1982 page 289,,page 289 of thistle 1982,1982
/var/www/html/drupal/web/modules/contrib/migrate_islandora_csv/data-cmu/images/thistle/1982/page_290.jpg,thistle 1982 page 290,,page 290 of thistle 1982,1982
/var/www/html/drupal/web/modules/contrib/migrate_islandora_csv/data-cmu/images/thistle/1982/page_291.jpg,thistle 1982 page 291,,page 291 of thistle 1982,1982
/var/www/html/drupal/web/modules/contrib/migrate_islandora_csv/data-cmu/images/thistle/1982/page_292.jpg,thistle 1982 page 292,,page 292 of thistle 1982,1982
/var/www/html/drupal/web/modules/contrib/migrate_islandora_csv/data-cmu/images/thistle/1982/page_293.jpg,thistle 1982 page 293,,page 293 of thistle 1982,1982
/var/www/html/drupal/web/modules/contrib/migrate_islandora_csv/data-cmu/images/thistle/1982/page_294.jpg,thistle 1982 page 294,,page 294 of thistle 1982,1982
/var/www/html/drupal/web/modules/contrib/migrate_islandora_csv/data-cmu/images/thistle/1982/page_295.jpg,thistle 1982 page 295,,page 295 of thistle 1982,1982
/var/www/html/drupal/web/modules/contrib/migrate_islandora_csv/data-cmu/images/thistle/1982/page_296.jpg,thistle 1982 page 296,,page 296 of thistle 1982,1982
/var/www/html/drupal/web/modules/contrib/migrate_islandora_csv/data-cmu/images/thistle/1982/page_297.jpg,thistle 1982 page 297,,page 297 of thistle 1982,1982
/var/www/html/drupal/web/modules/contrib/migrate_islandora_csv/data-cmu/images/thistle/1982/page_298.jpg,thistle 1982 page 298,,page 298 of thistle 1982,1982
/var/www/html/drupal/web/modules/contrib/migrate_islandora_csv/data-cmu/images/thistle/1982/page_299.jpg,thistle 1982 page 299,,page 299 of thistle 1982,1982
/var/www/html/drupal/web/modules/contrib/migrate_islandora_csv/data-cmu/images/thistle/1982/page_300.jpg,thistle 1982 page 300,,page 300 of thistle 1982,1982
/var/www/html/drupal/web/modules/contrib/migrate_islandora_csv/data-cmu/images/thistle/1982/page_301.jpg,thistle 1982 page 301,,page 301 of thistle 1982,1982
/var/www/html/drupal/web/modules/contrib/migrate_islandora_csv/data-cmu/images/thistle/1982/page_302.jpg,thistle 1982 page 302,,page 302 of thistle 1982,1982
/var/www/html/drupal/web/modules/contrib/migrate_islandora_csv/data-cmu/images/thistle/1982/page_303.jpg,thistle 1982 page 303,,page 303 of thistle 1982,1982
/var/www/html/drupal/web/modules/contrib/migrate_islandora_csv/data-cmu/images/thistle/1982/page_304.jpg,thistle 1982 page 304,,page 304 of thistle 1982,1982
/var/www/html/drupal/web/modules/contrib/migrate_islandora_csv/data-cmu/images/thistle/1982/page_305.jpg,thistle 1982 page 305,,page 305 of thistle 1982,1982
/var/www/html/drupal/web/modules/contrib/migrate_islandora_csv/data-cmu/images/thistle/1982/page_306.jpg,thistle 1982 page 306,,page 306 of thistle 1982,1982
/var/www/html/drupal/web/modules/contrib/migrate_islandora_csv/data-cmu/images/thistle/1982/page_307.jpg,thistle 1982 page 307,,page 307 of thistle 1982,1982
/var/www/html/drupal/web/modules/contrib/migrate_islandora_csv/data-cmu/images/thistle/1982/page_308.jpg,thistle 1982 page 308,,page 308 of thistle 1982,1982
/var/www/html/drupal/web/modules/contrib/migrate_islandora_csv/data-cmu/images/thistle/1982/page_309.jpg,thistle 1982 page 309,,page 309 of thistle 1982,1982
/var/www/html/drupal/web/modules/contrib/migrate_islandora_csv/data-cmu/images/thistle/1982/page_310.jpg,thistle 1982 page 310,,page 310 of thistle 1982,1982
/var/www/html/drupal/web/modules/contrib/migrate_islandora_csv/data-cmu/images/thistle/1982/page_311.jpg,thistle 1982 page 311,,page 311 of thistle 1982,1982
/var/www/html/drupal/web/modules/contrib/migrate_islandora_csv/data-cmu/images/thistle/1982/page_312.jpg,thistle 1982 page 312,,page 312 of thistle 1982,1982
/var/www/html/drupal/web/modules/contrib/migrate_islandora_csv/data-cmu/images/thistle/1982/page_313.jpg,thistle 1982 page 313,,page 313 of thistle 1982,1982
/var/www/html/drupal/web/modules/contrib/migrate_islandora_csv/data-cmu/images/thistle/1982/page_314.jpg,thistle 1982 page 314,,page 314 of thistle 1982,1982
/var/www/html/drupal/web/modules/contrib/migrate_islandora_csv/data-cmu/images/thistle/1982/page_315.jpg,thistle 1982 page 315,,page 315 of thistle 1982,1982
/var/www/html/drupal/web/modules/contrib/migrate_islandora_csv/data-cmu/images/thistle/1982/page_316.jpg,thistle 1982 page 316,,page 316 of thistle 1982,1982
/var/www/html/drupal/web/modules/contrib/migrate_islandora_csv/data-cmu/images/thistle/1982/page_317.jpg,thistle 1982 page 317,,page 317 of thistle 1982,1982
/var/www/html/drupal/web/modules/contrib/migrate_islandora_csv/data-cmu/images/thistle/1982/page_318.jpg,thistle 1982 page 318,,page 318 of thistle 1982,1982
/var/www/html/drupal/web/modules/contrib/migrate_islandora_csv/data-cmu/images/thistle/1982/page_319.jpg,thistle 1982 page 319,,page 319 of thistle 1982,1982
/var/www/html/drupal/web/modules/contrib/migrate_islandora_csv/data-cmu/images/thistle/1982/page_320.jpg,thistle 1982 page 320,,page 320 of thistle 1982,1982
/var/www/html/drupal/web/modules/contrib/migrate_islandora_csv/data-cmu/images/thistle/1982/page_321.jpg,thistle 1982 page 321,,page 321 of thistle 1982,1982
/var/www/html/drupal/web/modules/contrib/migrate_islandora_csv/data-cmu/images/thistle/1982/page_322.jpg,thistle 1982 page 322,,page 322 of thistle 1982,1982
/var/www/html/drupal/web/modules/contrib/migrate_islandora_csv/data-cmu/images/thistle/1982/page_323.jpg,thistle 1982 page 323,,page 323 of thistle 1982,1982
/var/www/html/drupal/web/modules/contrib/migrate_islandora_csv/data-cmu/images/thistle/1982/page_324.jpg,thistle 1982 page 324,,page 324 of thistle 1982,1982
/var/www/html/drupal/web/modules/contrib/migrate_islandora_csv/data-cmu/images/thistle/1982/page_325.jpg,thistle 1982 page 325,,page 325 of thistle 1982,1982
/var/www/html/drupal/web/modules/contrib/migrate_islandora_csv/data-cmu/images/thistle/1982/page_326.jpg,thistle 1982 page 326,,page 326 of thistle 1982,1982
/var/www/html/drupal/web/modules/contrib/migrate_islandora_csv/data-cmu/images/thistle/1982/page_327.jpg,thistle 1982 page 327,,page 327 of thistle 1982,1982
/var/www/html/drupal/web/modules/contrib/migrate_islandora_csv/data-cmu/images/thistle/1982/page_328.jpg,thistle 1982 page 328,,page 328 of thistle 1982,1982